CMB_MARK_CX,CMB_MARK_WX_SYN_CX,CMB_MARK_WX_SYN_CX_LRD,CMB_MARK_CX_LRD
clim_retrieve:,clim_retrieve:,clim_retrieve:,clim_retrieve:
"precision: 0.9147 ± 0.0216 [0.9285714285714286, 0.9444444444444444, 0.896551724137931, 0.8666666666666667, 0.9122807017543859, 0.9298245614035088, 0.9122807017543859, 0.9285714285714286, 0.9298245614035088, 0.8983050847457628]","precision: 0.9313 ± 0.0298 [0.9473684210526315, 0.9473684210526315, 0.9622641509433962, 0.9245283018867925, 0.9310344827586207, 0.9122807017543859, 0.8666666666666667, 0.9285714285714286, 0.9807692307692307, 0.9122807017543859]","precision: 0.8963 ± 0.0572 [0.9333333333333333, 0.9272727272727272, 0.9, 0.9464285714285714, 0.9636363636363636, 0.7777777777777778, 0.8125, 0.864406779661017, 0.9285714285714286, 0.9090909090909091]","precision: 0.9142 ± 0.0317 [0.9310344827586207, 0.9607843137254902, 0.8727272727272727, 0.9298245614035088, 0.8695652173913043, 0.8909090909090909, 0.9454545454545454, 0.9137931034482759, 0.8813559322033898, 0.9464285714285714]"
"recall: 0.8031 ± 0.0092 [0.8, 0.7846153846153846, 0.8, 0.8, 0.8, 0.8153846153846154, 0.8, 0.8, 0.8153846153846154, 0.8153846153846154]","recall: 0.8015 ± 0.0233 [0.8307692307692308, 0.8307692307692308, 0.7846153846153846, 0.7538461538461538, 0.8307692307692308, 0.8, 0.8, 0.8, 0.7846153846153846, 0.8]","recall: 0.7800 ± 0.0496 [0.6461538461538462, 0.7846153846153846, 0.8307692307692308, 0.8153846153846154, 0.8153846153846154, 0.7538461538461538, 0.8, 0.7846153846153846, 0.8, 0.7692307692307693]","recall: 0.7431 ± 0.1482 [0.8307692307692308, 0.7538461538461538, 0.7384615384615385, 0.8153846153846154, 0.3076923076923077, 0.7538461538461538, 0.8, 0.8153846153846154, 0.8, 0.8153846153846154]"
"f1: 0.8551 ± 0.0103 [0.859504132231405, 0.8571428571428571, 0.8455284552845529, 0.832, 0.8524590163934426, 0.8688524590163934, 0.8524590163934426, 0.859504132231405, 0.8688524590163934, 0.8548387096774194]","f1: 0.8612 ± 0.0187 [0.8852459016393442, 0.8852459016393442, 0.864406779661017, 0.8305084745762712, 0.8780487804878049, 0.8524590163934426, 0.832, 0.859504132231405, 0.8717948717948718, 0.8524590163934426]","f1: 0.8324 ± 0.0406 [0.7636363636363637, 0.85, 0.864, 0.8760330578512396, 0.8833333333333333, 0.765625, 0.8062015503875969, 0.8225806451612904, 0.859504132231405, 0.8333333333333334]","f1: 0.8106 ± 0.1212 [0.8780487804878049, 0.8448275862068966, 0.8, 0.8688524590163934, 0.45454545454545453, 0.8166666666666667, 0.8666666666666667, 0.8617886178861789, 0.8387096774193549, 0.8760330578512396]"
"accuracy: 0.9963 ± 0.0003 [0.9964524207011686, 0.9964524207011686, 0.9960350584307178, 0.9956176961602671, 0.9962437395659433, 0.996661101836394, 0.9962437395659433, 0.9964524207011686, 0.996661101836394, 0.9962437395659433]","accuracy: 0.9965 ± 0.0005 [0.9970784641068448, 0.9970784641068448, 0.996661101836394, 0.9958263772954925, 0.9968697829716193, 0.9962437395659433, 0.9956176961602671, 0.9964524207011686, 0.9968697829716193, 0.9962437395659433]","accuracy: 0.9957 ± 0.0010 [0.9945742904841403, 0.9962437395659433, 0.9964524207011686, 0.9968697829716193, 0.9970784641068448, 0.9937395659432388, 0.9947829716193656, 0.9954090150250418, 0.9964524207011686, 0.9958263772954925]","accuracy: 0.9956 ± 0.0020 [0.9968697829716193, 0.9962437395659433, 0.994991652754591, 0.996661101836394, 0.989983305509182, 0.9954090150250418, 0.996661101836394, 0.9964524207011686, 0.9958263772954925, 0.9968697829716193]"
"map: 0.5039 ± 0.0115 [0.5035302749506985, 0.5097419779504055, 0.5127330597160322, 0.5206267805028099, 0.47886914594994623, 0.5064856867169716, 0.4903953364001341, 0.4972411207652461, 0.5114656711757442, 0.5075806552340674]","map: 0.5035 ± 0.0087 [0.5110950014274823, 0.49701799242526473, 0.5104334784890164, 0.496831192522964, 0.505497467273919, 0.5164235130945448, 0.4943964748196192, 0.5002209856096266, 0.513544699748569, 0.48969674319237844]","map: 0.4925 ± 0.0096 [0.49672957926260936, 0.49862881830913647, 0.4795444530028075, 0.4980344458952362, 0.4817906392605256, 0.5049946338572847, 0.5019279589393023, 0.4875816531600605, 0.4769812145769645, 0.4986499309363477]","map: 0.4918 ± 0.0217 [0.48699665760278693, 0.48194073433910106, 0.4947310445549171, 0.5061691988630268, 0.43381554097435043, 0.4879403083192676, 0.5153976727223619, 0.5049648008863462, 0.5028844473074034, 0.5033157056065254]"
"map@5: 0.4304 ± 0.0106 [0.4321192696192696, 0.4366064491064491, 0.44378593628593627, 0.4451262626262626, 0.408529526029526, 0.4340423465423465, 0.42058080808080806, 0.42122183372183375, 0.4340423465423465, 0.42792346542346543]","map@5: 0.4284 ± 0.0106 [0.4289141414141414, 0.42865773115773115, 0.4366064491064491, 0.4164141414141414, 0.4340423465423465, 0.4417346542346542, 0.4193570318570318, 0.4289141414141414, 0.4417346542346542, 0.40729409479409473]","map@5: 0.4199 ± 0.0127 [0.4260586635586635, 0.4269910644910645, 0.4116064491064491, 0.4289491064491064, 0.4128885003885004, 0.4334013209013209, 0.4289141414141414, 0.4105167055167055, 0.39010295260295264, 0.42955516705516705]","map@5: 0.4167 ± 0.0204 [0.41096542346542353, 0.4117346542346543, 0.41529234654234654, 0.42397241647241646, 0.36218337218337215, 0.41481157731157736, 0.44173465423465424, 0.43083721833721833, 0.42897241647241646, 0.42635003885003886]"
"map@10: 0.4910 ± 0.0123 [0.48604975271641937, 0.4959316724941725, 0.49939113355780024, 0.5117385084051751, 0.46418220668220667, 0.489481351981352, 0.4830390096015096, 0.48298090798090804, 0.5010181176847843, 0.49603313353313355]","map@10: 0.4908 ± 0.0114 [0.5003635253635254, 0.4895454545454545, 0.5029215229215229, 0.4778145465645466, 0.4899184149184149, 0.5063697105363771, 0.47789710289710285, 0.48815181731848395, 0.5026223776223776, 0.47230547230547226]","map@10: 0.4783 ± 0.0110 [0.48263542013542016, 0.48313044979711645, 0.46207663863913867, 0.4906485181485181, 0.4725796425796426, 0.48574987897904565, 0.4903196494863161, 0.47870279411946076, 0.455493117993118, 0.4813655788655789]","map@10: 0.4773 ± 0.0221 [0.4731869519369519, 0.46664918414918416, 0.4801581057831058, 0.4898246198246198, 0.4178273809523809, 0.47543678543678547, 0.5026223776223776, 0.49215229215229217, 0.487017982017982, 0.4876651126651127]"
"ndcg: 0.5116 ± 0.0119 [0.5103038762982691, 0.5066495712649094, 0.5185555563672916, 0.5359496340574258, 0.5030166299832526, 0.5219233094275774, 0.48807607954509014, 0.5089355134252551, 0.5139035404419213, 0.5085718446008967]","ndcg: 0.5111 ± 0.0086 [0.5267661285154543, 0.5028624813337651, 0.528390420717253, 0.5101584980254867, 0.5046188965950176, 0.5094596913054742, 0.5099688926469046, 0.5072287268765415, 0.5084534430125054, 0.5033797206658163]","ndcg: 0.5019 ± 0.0071 [0.4989824853338406, 0.49866181186676334, 0.4895249644558176, 0.4963891250622493, 0.49978834754698603, 0.5071557950916342, 0.5172418784449742, 0.5057429235430922, 0.499823222028323, 0.5052554447487139]","ndcg: 0.5021 ± 0.0181 [0.4926411245830404, 0.493733140703154, 0.5098413558414678, 0.5106891818736412, 0.4535792368426757, 0.5053054244094244, 0.5150344098731849, 0.5110617061212536, 0.5095083533314249, 0.5199706381627661]"
"ndcg@5: 0.4764 ± 0.0141 [0.47593336322815843, 0.47326009733303426, 0.480589748803219, 0.5090460140382785, 0.4667762223521957, 0.48517517167602997, 0.4536031495320586, 0.47522589578683644, 0.4814672053327632, 0.4633007202835718]","ndcg@5: 0.4748 ± 0.0117 [0.48732338042086193, 0.4788290155654591, 0.5023201014950508, 0.4669147328258128, 0.47067838041618376, 0.47295899035017197, 0.47069031246781523, 0.46838743987916853, 0.47145762466683966, 0.4580662085866947]","ndcg@5: 0.4639 ± 0.0097 [0.46188651661807045, 0.4651039545557452, 0.45141677760291216, 0.4547262074201344, 0.4650579757119813, 0.4688704713921216, 0.4814905249305997, 0.4693851220505995, 0.4479585580392994, 0.4726649684873382]","ndcg@5: 0.4624 ± 0.0210 [0.45162918849077793, 0.46177216732741994, 0.4708220168871158, 0.4613117634145463, 0.40579048455553984, 0.4750967267864027, 0.48521822943994475, 0.4749358483913078, 0.46203099165129385, 0.4756173636850867]"
"ndcg@10: 0.4931 ± 0.0140 [0.48684418219681647, 0.48608667141556344, 0.49700972734978255, 0.5258004434451183, 0.47896819205117214, 0.4958087127095973, 0.4722957593026996, 0.4878718447749763, 0.5041086577965335, 0.4961671902931327]","ndcg@10: 0.4942 ± 0.0119 [0.5151222913253554, 0.4936841241258704, 0.5166215407089807, 0.4847673917752016, 0.48647681059038217, 0.4964872742961862, 0.48777562002232655, 0.493289722292988, 0.48875460821116185, 0.47866149683024967]","ndcg@10: 0.4823 ± 0.0088 [0.47793547019059446, 0.47810915317513236, 0.46678505637301887, 0.4810662185803568, 0.48006703396228606, 0.48218943449993346, 0.49939818226759053, 0.4949505032564031, 0.4769434051062636, 0.48518347680120216]","ndcg@10: 0.4818 ± 0.0209 [0.47187180931899964, 0.4727228837776595, 0.4904703538038972, 0.49288346413794437, 0.42559758341444964, 0.485504942243253, 0.4998054748776005, 0.4913331269584124, 0.4862878220164643, 0.5013078746586005]"
,,,
climate_commitments_actions:,climate_commitments_actions:,climate_commitments_actions:,climate_commitments_actions:
"precision: 0.6796 ± 0.0176 [0.6785714285714286, 0.6915887850467289, 0.6880733944954128, 0.6880733944954128, 0.6818181818181818, 0.6666666666666666, 0.632, 0.693069306930693, 0.6822429906542056, 0.6936936936936937]","precision: 0.6551 ± 0.0076 [0.6428571428571429, 0.6545454545454545, 0.6633663366336634, 0.6571428571428571, 0.6454545454545455, 0.65, 0.6574074074074074, 0.6571428571428571, 0.6530612244897959, 0.6698113207547169]","precision: 0.6125 ± 0.0185 [0.6101694915254238, 0.6033057851239669, 0.5950413223140496, 0.6339285714285714, 0.6320754716981132, 0.5785123966942148, 0.6140350877192983, 0.5950413223140496, 0.6306306306306306, 0.6320754716981132]","precision: 0.6778 ± 0.0237 [0.7029702970297029, 0.717391304347826, 0.6434782608695652, 0.7088607594936709, 0.6728971962616822, 0.6517857142857143, 0.673469387755102, 0.6633663366336634, 0.6605504587155964, 0.6831683168316832]"
"recall: 0.7612 ± 0.0247 [0.7755102040816326, 0.7551020408163265, 0.7653061224489796, 0.7653061224489796, 0.7653061224489796, 0.7346938775510204, 0.8061224489795918, 0.7142857142857143, 0.7448979591836735, 0.7857142857142857]","recall: 0.7051 ± 0.0279 [0.7346938775510204, 0.7346938775510204, 0.6836734693877551, 0.7040816326530612, 0.7244897959183674, 0.6632653061224489, 0.7244897959183674, 0.7040816326530612, 0.6530612244897959, 0.7244897959183674]","recall: 0.7184 ± 0.0200 [0.7346938775510204, 0.7448979591836735, 0.7346938775510204, 0.7244897959183674, 0.6836734693877551, 0.7142857142857143, 0.7142857142857143, 0.7346938775510204, 0.7142857142857143, 0.6836734693877551]","recall: 0.7000 ± 0.0513 [0.7244897959183674, 0.673469387755102, 0.7551020408163265, 0.5714285714285714, 0.7346938775510204, 0.7448979591836735, 0.673469387755102, 0.6836734693877551, 0.7346938775510204, 0.7040816326530612]"
"f1: 0.7176 ± 0.0109 [0.7238095238095238, 0.7219512195121951, 0.7246376811594203, 0.7246376811594203, 0.7211538461538461, 0.6990291262135923, 0.7085201793721974, 0.7035175879396985, 0.7121951219512195, 0.7368421052631579]","f1: 0.6789 ± 0.0136 [0.6857142857142857, 0.6923076923076923, 0.6733668341708543, 0.6798029556650246, 0.6826923076923077, 0.6565656565656566, 0.6893203883495146, 0.6798029556650246, 0.6530612244897959, 0.696078431372549]","f1: 0.6608 ± 0.0095 [0.6666666666666666, 0.6666666666666666, 0.6575342465753424, 0.6761904761904762, 0.6568627450980392, 0.639269406392694, 0.660377358490566, 0.6575342465753424, 0.6698564593301436, 0.6568627450980392]","f1: 0.6870 ± 0.0214 [0.7135678391959799, 0.6947368421052632, 0.6948356807511737, 0.632768361581921, 0.7024390243902439, 0.6952380952380952, 0.673469387755102, 0.6733668341708543, 0.6956521739130435, 0.6934673366834171]"
"accuracy: 0.8166 ± 0.0085 [0.81875, 0.821875, 0.821875, 0.821875, 0.81875, 0.80625, 0.796875, 0.815625, 0.815625, 0.828125]","accuracy: 0.7959 ± 0.0054 [0.79375, 0.8, 0.796875, 0.796875, 0.79375, 0.7875, 0.8, 0.796875, 0.7875, 0.80625]","accuracy: 0.7741 ± 0.0099 [0.775, 0.771875, 0.765625, 0.7875, 0.78125, 0.753125, 0.775, 0.765625, 0.784375, 0.78125]","accuracy: 0.8053 ± 0.0087 [0.821875, 0.81875, 0.796875, 0.796875, 0.809375, 0.8, 0.8, 0.796875, 0.803125, 0.809375]"
,,,
climate_detection:,climate_detection:,climate_detection:,climate_detection:
"precision: 0.9587 ± 0.0042 [0.9540983606557377, 0.9633333333333334, 0.9573770491803278, 0.9572368421052632, 0.9628378378378378, 0.9634551495016611, 0.9570957095709571, 0.9636963696369637, 0.9509803921568627, 0.9570957095709571]","precision: 0.9639 ± 0.0052 [0.9612903225806452, 0.9614147909967846, 0.961038961038961, 0.9668874172185431, 0.9605263157894737, 0.959866220735786, 0.9605263157894737, 0.9696969696969697, 0.9611650485436893, 0.9766666666666667]","precision: 0.9531 ± 0.0093 [0.9496644295302014, 0.9632107023411371, 0.952076677316294, 0.9488817891373802, 0.932475884244373, 0.9695945945945946, 0.9514563106796117, 0.9517684887459807, 0.9575163398692811, 0.9545454545454546]","precision: 0.9606 ± 0.0046 [0.9638157894736842, 0.9665551839464883, 0.9575163398692811, 0.9546925566343042, 0.9575163398692811, 0.9666666666666667, 0.9548387096774194, 0.9575163398692811, 0.9603960396039604, 0.9666666666666667]"
"recall: 0.9066 ± 0.0060 [0.909375, 0.903125, 0.9125, 0.909375, 0.890625, 0.90625, 0.90625, 0.9125, 0.909375, 0.90625]","recall: 0.9169 ± 0.0120 [0.93125, 0.934375, 0.925, 0.9125, 0.9125, 0.896875, 0.9125, 0.9, 0.928125, 0.915625]","recall: 0.9125 ± 0.0144 [0.884375, 0.9, 0.93125, 0.928125, 0.90625, 0.896875, 0.91875, 0.925, 0.915625, 0.91875]","recall: 0.9134 ± 0.0067 [0.915625, 0.903125, 0.915625, 0.921875, 0.915625, 0.90625, 0.925, 0.915625, 0.909375, 0.90625]"
"f1: 0.9319 ± 0.0030 [0.9312, 0.932258064516129, 0.9344, 0.9326923076923077, 0.9253246753246753, 0.9339774557165862, 0.9309791332263242, 0.9373996789727127, 0.9297124600638977, 0.9309791332263242]","f1: 0.9397 ± 0.0062 [0.946031746031746, 0.9477020602218701, 0.9426751592356688, 0.9389067524115756, 0.9358974358974359, 0.9273021001615509, 0.9358974358974359, 0.93354943273906, 0.9443561208267091, 0.9451612903225807]","f1: 0.9323 ± 0.0080 [0.9158576051779935, 0.9305331179321487, 0.9415481832543444, 0.9383886255924171, 0.919175911251981, 0.9318181818181818, 0.9348171701112877, 0.9381933438985737, 0.9361022364217252, 0.9363057324840764]","f1: 0.9364 ± 0.0019 [0.9391025641025641, 0.9337641357027464, 0.9361022364217252, 0.9379968203497615, 0.9361022364217252, 0.9354838709677419, 0.9396825396825397, 0.9361022364217252, 0.9341894060995185, 0.9354838709677419]"
"accuracy: 0.8940 ± 0.0045 [0.8925, 0.895, 0.8975, 0.895, 0.885, 0.8975, 0.8925, 0.9025, 0.89, 0.8925]","accuracy: 0.9060 ± 0.0092 [0.915, 0.9175, 0.91, 0.905, 0.9, 0.8875, 0.9, 0.8975, 0.9125, 0.915]","accuracy: 0.8940 ± 0.0121 [0.87, 0.8925, 0.9075, 0.9025, 0.8725, 0.895, 0.8975, 0.9025, 0.9, 0.9]","accuracy: 0.9008 ± 0.0025 [0.905, 0.8975, 0.9, 0.9025, 0.9, 0.9, 0.905, 0.9, 0.8975, 0.9]"
,,,
climate_sentiment:,climate_sentiment:,climate_sentiment:,climate_sentiment:
"micro_f1: 0.7975 ± 0.0117 [0.815625, 0.8, 0.796875, 0.79375, 0.8, 0.76875, 0.80625, 0.80625, 0.79375, 0.79375]","micro_f1: 0.7941 ± 0.0169 [0.796875, 0.803125, 0.80625, 0.76875, 0.809375, 0.765625, 0.79375, 0.809375, 0.8125, 0.775]","micro_f1: 0.8037 ± 0.0062 [0.803125, 0.809375, 0.79375, 0.815625, 0.796875, 0.80625, 0.8, 0.803125, 0.8, 0.809375]","micro_f1: 0.7941 ± 0.0068 [0.790625, 0.809375, 0.79375, 0.7875, 0.7875, 0.8, 0.7875, 0.790625, 0.8, 0.79375]"
"macro_f1: 0.7738 ± 0.0098 [0.7901502043682139, 0.7747173202261918, 0.7753984816864773, 0.771705694655156, 0.7733977676803998, 0.7502136364552472, 0.7807244348177496, 0.7816949526263222, 0.7704842807418103, 0.7698912973648362]","macro_f1: 0.7695 ± 0.0200 [0.7781182526858569, 0.7778042501373253, 0.7850635455160787, 0.7369123931623932, 0.7874467874467874, 0.7360044120496654, 0.7762315112974326, 0.7828955481563694, 0.7879065844413095, 0.7464775347642169]","macro_f1: 0.7805 ± 0.0051 [0.7795982848115549, 0.7844796655639493, 0.7782009675622215, 0.7892131763099505, 0.7715591914496116, 0.7789351242449505, 0.7743461517440858, 0.7808276297574507, 0.78026084876503, 0.7871562709590879]","macro_f1: 0.7714 ± 0.0073 [0.7729861369975382, 0.7875626401443313, 0.7697483789405001, 0.7622979467016164, 0.7660595833694849, 0.7738946435337093, 0.7632769115622758, 0.7661223176836905, 0.7789961013645224, 0.7727631348993486]"
"weighted_f1: 0.8008 ± 0.0118 [0.8187831941623411, 0.802956819693095, 0.8000829855125066, 0.7976502957136761, 0.8023024575583232, 0.7712850780730395, 0.8098609426916676, 0.8095798867271018, 0.7973647928348387, 0.7979506870449692]","weighted_f1: 0.7961 ± 0.0170 [0.7994016788720879, 0.8047936893203882, 0.8087120602999232, 0.7690029046474359, 0.810998910998911, 0.7681158330724858, 0.796668074837475, 0.8101102941176471, 0.8154512294058078, 0.7774409345943376]","weighted_f1: 0.8059 ± 0.0059 [0.8060353193410066, 0.8113508183972744, 0.7953009859366957, 0.8167210701484894, 0.8001413615232519, 0.8074650346833728, 0.8029505250703142, 0.8053621311694925, 0.8023342562944509, 0.8114999371227363]","weighted_f1: 0.7969 ± 0.0068 [0.7939425523991793, 0.8120654989567125, 0.7960313353859957, 0.7895425131061599, 0.7908789994333641, 0.8017807319479294, 0.7906369701626706, 0.7922445963291578, 0.8036846673976609, 0.7977375957292699]"
"accuracy: 0.7975 ± 0.0117 [0.815625, 0.8, 0.796875, 0.79375, 0.8, 0.76875, 0.80625, 0.80625, 0.79375, 0.79375]","accuracy: 0.7941 ± 0.0169 [0.796875, 0.803125, 0.80625, 0.76875, 0.809375, 0.765625, 0.79375, 0.809375, 0.8125, 0.775]","accuracy: 0.8037 ± 0.0062 [0.803125, 0.809375, 0.79375, 0.815625, 0.796875, 0.80625, 0.8, 0.803125, 0.8, 0.809375]","accuracy: 0.7941 ± 0.0068 [0.790625, 0.809375, 0.79375, 0.7875, 0.7875, 0.8, 0.7875, 0.790625, 0.8, 0.79375]"
,,,
climate_specificity:,climate_specificity:,climate_specificity:,climate_specificity:
"precision: 0.8459 ± 0.0241 [0.8275862068965517, 0.8390804597701149, 0.875, 0.8255813953488372, 0.8690476190476191, 0.8488372093023255, 0.8372093023255814, 0.8860759493670886, 0.8488372093023255, 0.8020833333333334]","precision: 0.8352 ± 0.0198 [0.8518518518518519, 0.8333333333333334, 0.813953488372093, 0.8152173913043478, 0.8701298701298701, 0.8292682926829268, 0.8313253012048193, 0.8333333333333334, 0.8089887640449438, 0.8641975308641975]","precision: 0.8329 ± 0.0184 [0.8522727272727273, 0.8295454545454546, 0.8085106382978723, 0.8372093023255814, 0.8604651162790697, 0.8470588235294118, 0.8352941176470589, 0.8433734939759037, 0.8043478260869565, 0.8105263157894737]","precision: 0.8457 ± 0.0214 [0.8666666666666667, 0.8414634146341463, 0.8589743589743589, 0.8571428571428571, 0.8275862068965517, 0.8043478260869565, 0.868421052631579, 0.8160919540229885, 0.8518518518518519, 0.8641975308641975]"
"recall: 0.5829 ± 0.0275 [0.5853658536585366, 0.5934959349593496, 0.5121951219512195, 0.5772357723577236, 0.5934959349593496, 0.5934959349593496, 0.5853658536585366, 0.5691056910569106, 0.5934959349593496, 0.6260162601626016]","recall: 0.5691 ± 0.0171 [0.5609756097560976, 0.5691056910569106, 0.5691056910569106, 0.6097560975609756, 0.5447154471544715, 0.5528455284552846, 0.5609756097560976, 0.5691056910569106, 0.5853658536585366, 0.5691056910569106]","recall: 0.5967 ± 0.0171 [0.6097560975609756, 0.5934959349593496, 0.6178861788617886, 0.5853658536585366, 0.6016260162601627, 0.5853658536585366, 0.5772357723577236, 0.5691056910569106, 0.6016260162601627, 0.6260162601626016]","recall: 0.5602 ± 0.0225 [0.5284552845528455, 0.5609756097560976, 0.5447154471544715, 0.5365853658536586, 0.5853658536585366, 0.6016260162601627, 0.5365853658536586, 0.5772357723577236, 0.5609756097560976, 0.5691056910569106]"
"f1: 0.6894 ± 0.0163 [0.6857142857142857, 0.6952380952380952, 0.6461538461538462, 0.6794258373205742, 0.7053140096618358, 0.6985645933014354, 0.6889952153110048, 0.693069306930693, 0.6985645933014354, 0.7031963470319634]","f1: 0.6765 ± 0.0092 [0.6764705882352942, 0.6763285024154589, 0.6698564593301436, 0.6976744186046512, 0.67, 0.6634146341463415, 0.6699029126213593, 0.6763285024154589, 0.6792452830188679, 0.6862745098039216]","f1: 0.6950 ± 0.0103 [0.7109004739336493, 0.6919431279620853, 0.7004608294930875, 0.6889952153110048, 0.7081339712918661, 0.6923076923076923, 0.6826923076923077, 0.6796116504854369, 0.6883720930232559, 0.7064220183486238]","f1: 0.6733 ± 0.0108 [0.6565656565656566, 0.6731707317073171, 0.6666666666666666, 0.66, 0.6857142857142857, 0.6883720930232559, 0.6633165829145728, 0.6761904761904762, 0.6764705882352942, 0.6862745098039216]"
"accuracy: 0.7984 ± 0.0072 [0.79375, 0.8, 0.784375, 0.790625, 0.809375, 0.803125, 0.796875, 0.80625, 0.803125, 0.796875]","accuracy: 0.7909 ± 0.0049 [0.79375, 0.790625, 0.784375, 0.796875, 0.79375, 0.784375, 0.7875, 0.790625, 0.7875, 0.8]","accuracy: 0.7987 ± 0.0060 [0.809375, 0.796875, 0.796875, 0.796875, 0.809375, 0.8, 0.79375, 0.79375, 0.790625, 0.8]","accuracy: 0.7913 ± 0.0036 [0.7875, 0.790625, 0.790625, 0.7875, 0.79375, 0.790625, 0.790625, 0.7875, 0.79375, 0.8]"
,,,
environmental_claims:,environmental_claims:,environmental_claims:,environmental_claims:
"precision: 0.8116 ± 0.0000 [0.8115942028985508, 0.8115942028985508, 0.8115942028985508, 0.8115942028985508, 0.8115942028985508, 0.8115942028985508, 0.8115942028985508, 0.8115942028985508, 0.8115942028985508, 0.8115942028985508]","precision: 0.8056 ± 0.0000 [0.8055555555555556, 0.8055555555555556, 0.8055555555555556, 0.8055555555555556, 0.8055555555555556, 0.8055555555555556, 0.8055555555555556, 0.8055555555555556, 0.8055555555555556, 0.8055555555555556]","precision: 0.8406 ± 0.0000 [0.8405797101449275, 0.8405797101449275, 0.8405797101449275, 0.8405797101449275, 0.8405797101449275, 0.8405797101449275, 0.8405797101449275, 0.8405797101449275, 0.8405797101449275, 0.8405797101449275]","precision: 0.8814 ± 0.0000 [0.8813559322033898, 0.8813559322033898, 0.8813559322033898, 0.8813559322033898, 0.8813559322033898, 0.8813559322033898, 0.8813559322033898, 0.8813559322033898, 0.8813559322033898, 0.8813559322033898]"
"recall: 0.8358 ± 0.0000 [0.835820895522388, 0.835820895522388, 0.835820895522388, 0.835820895522388, 0.835820895522388, 0.835820895522388, 0.835820895522388, 0.835820895522388, 0.835820895522388, 0.835820895522388]","recall: 0.8657 ± 0.0000 [0.8656716417910447, 0.8656716417910447, 0.8656716417910447, 0.8656716417910447, 0.8656716417910447, 0.8656716417910447, 0.8656716417910447, 0.8656716417910447, 0.8656716417910447, 0.8656716417910447]","recall: 0.8657 ± 0.0000 [0.8656716417910447, 0.8656716417910447, 0.8656716417910447, 0.8656716417910447, 0.8656716417910447, 0.8656716417910447, 0.8656716417910447, 0.8656716417910447, 0.8656716417910447, 0.8656716417910447]","recall: 0.7761 ± 0.0000 [0.7761194029850746, 0.7761194029850746, 0.7761194029850746, 0.7761194029850746, 0.7761194029850746, 0.7761194029850746, 0.7761194029850746, 0.7761194029850746, 0.7761194029850746, 0.7761194029850746]"
"f1: 0.8235 ± 0.0000 [0.8235294117647058, 0.8235294117647058, 0.8235294117647058, 0.8235294117647058, 0.8235294117647058, 0.8235294117647058, 0.8235294117647058, 0.8235294117647058, 0.8235294117647058, 0.8235294117647058]","f1: 0.8345 ± 0.0000 [0.8345323741007195, 0.8345323741007195, 0.8345323741007195, 0.8345323741007195, 0.8345323741007195, 0.8345323741007195, 0.8345323741007195, 0.8345323741007195, 0.8345323741007195, 0.8345323741007195]","f1: 0.8529 ± 0.0000 [0.8529411764705882, 0.8529411764705882, 0.8529411764705882, 0.8529411764705882, 0.8529411764705882, 0.8529411764705882, 0.8529411764705882, 0.8529411764705882, 0.8529411764705882, 0.8529411764705882]","f1: 0.8254 ± 0.0000 [0.8253968253968254, 0.8253968253968254, 0.8253968253968254, 0.8253968253968254, 0.8253968253968254, 0.8253968253968254, 0.8253968253968254, 0.8253968253968254, 0.8253968253968254, 0.8253968253968254]"
"accuracy: 0.9094 ± 0.0000 [0.909433962264151, 0.909433962264151, 0.909433962264151, 0.909433962264151, 0.909433962264151, 0.909433962264151, 0.909433962264151, 0.909433962264151, 0.909433962264151, 0.909433962264151]","accuracy: 0.9132 ± 0.0000 [0.9132075471698113, 0.9132075471698113, 0.9132075471698113, 0.9132075471698113, 0.9132075471698113, 0.9132075471698113, 0.9132075471698113, 0.9132075471698113, 0.9132075471698113, 0.9132075471698113]","accuracy: 0.9245 ± 0.0000 [0.9245283018867925, 0.9245283018867925, 0.9245283018867925, 0.9245283018867925, 0.9245283018867925, 0.9245283018867925, 0.9245283018867925, 0.9245283018867925, 0.9245283018867925, 0.9245283018867925]","accuracy: 0.9170 ± 0.0000 [0.9169811320754717, 0.9169811320754717, 0.9169811320754717, 0.9169811320754717, 0.9169811320754717, 0.9169811320754717, 0.9169811320754717, 0.9169811320754717, 0.9169811320754717, 0.9169811320754717]"
,,,
netzero_reduction:,netzero_reduction:,netzero_reduction:,netzero_reduction:
"micro_f1: 0.9874 ± 0.0072 [0.9912917271407837, 0.988388969521045, 0.9912917271407837, 0.9666182873730044, 0.9927431059506531, 0.9869375907111756, 0.9898403483309144, 0.988388969521045, 0.9869375907111756, 0.9912917271407837]","micro_f1: 0.9853 ± 0.0074 [0.9666182873730044, 0.9825834542815675, 0.9927431059506531, 0.9811320754716981, 0.9898403483309144, 0.9912917271407837, 0.9825834542815675, 0.9912917271407837, 0.9854862119013063, 0.9898403483309144]","micro_f1: 0.9907 ± 0.0013 [0.9927431059506531, 0.9912917271407837, 0.9912917271407837, 0.9912917271407837, 0.988388969521045, 0.9898403483309144, 0.9898403483309144, 0.9898403483309144, 0.9927431059506531, 0.9898403483309144]","micro_f1: 0.9832 ± 0.0103 [0.9680696661828737, 0.9898403483309144, 0.9680696661828737, 0.9898403483309144, 0.9854862119013063, 0.9666182873730044, 0.9898403483309144, 0.9927431059506531, 0.9912917271407837, 0.9898403483309144]"
"macro_f1: 0.9847 ± 0.0082 [0.9891860465116279, 0.9855927034014001, 0.9891860465116279, 0.9610725984833292, 0.9909919726853365, 0.984217293658895, 0.9873784925441499, 0.986048935997883, 0.9838194036667319, 0.98919452755105]","macro_f1: 0.9822 ± 0.0088 [0.9600423106080102, 0.9792161034777068, 0.9909846375315355, 0.9770912780809528, 0.9873887617594711, 0.9891860465116279, 0.9788563930719181, 0.9891769224055164, 0.9824444215490992, 0.9873982825078579]","macro_f1: 0.9885 ± 0.0017 [0.9909846375315355, 0.9891860465116279, 0.9891860465116279, 0.9891860465116279, 0.9855813953488372, 0.9873887617594711, 0.9873784925441499, 0.9873887617594711, 0.9909846375315355, 0.9873887617594711]","macro_f1: 0.9797 ± 0.0121 [0.9621962344545576, 0.9877239778739298, 0.962182948780887, 0.9873887617594711, 0.9824661616227042, 0.9604051608689886, 0.9873887617594711, 0.9909919726853365, 0.9891860465116279, 0.9874070581408002]"
"weighted_f1: 0.9874 ± 0.0072 [0.9912881830762481, 0.988388969521045, 0.9912881830762481, 0.9665764612481123, 0.9927416825650927, 0.9869224944733411, 0.9898339220518947, 0.98840246235982, 0.9869475336077005, 0.9912917271407837]","weighted_f1: 0.9854 ± 0.0074 [0.9666314128577222, 0.98263194610956, 0.9927385157513533, 0.9811588317046132, 0.9898383555911296, 0.9912881830762481, 0.9826053124160764, 0.9912841263091008, 0.9855024189148383, 0.9898421920673797]","weighted_f1: 0.9907 ± 0.0013 [0.9927385157513533, 0.9912881830762481, 0.9912881830762481, 0.9912881830762481, 0.988384244101664, 0.9898383555911296, 0.9898339220518947, 0.9898383555911296, 0.9927385157513533, 0.9898383555911296]","weighted_f1: 0.9832 ± 0.0103 [0.9682415235247639, 0.9898538411696893, 0.9682415943649166, 0.9898383555911296, 0.9855044285244808, 0.9667999130094939, 0.9898383555911296, 0.9927416825650927, 0.9912881830762481, 0.9898454334998612]"
"accuracy: 0.9874 ± 0.0072 [0.9912917271407837, 0.988388969521045, 0.9912917271407837, 0.9666182873730044, 0.9927431059506531, 0.9869375907111756, 0.9898403483309144, 0.988388969521045, 0.9869375907111756, 0.9912917271407837]","accuracy: 0.9853 ± 0.0074 [0.9666182873730044, 0.9825834542815675, 0.9927431059506531, 0.9811320754716981, 0.9898403483309144, 0.9912917271407837, 0.9825834542815675, 0.9912917271407837, 0.9854862119013063, 0.9898403483309144]","accuracy: 0.9907 ± 0.0013 [0.9927431059506531, 0.9912917271407837, 0.9912917271407837, 0.9912917271407837, 0.988388969521045, 0.9898403483309144, 0.9898403483309144, 0.9898403483309144, 0.9927431059506531, 0.9898403483309144]","accuracy: 0.9832 ± 0.0103 [0.9680696661828737, 0.9898403483309144, 0.9680696661828737, 0.9898403483309144, 0.9854862119013063, 0.9666182873730044, 0.9898403483309144, 0.9927431059506531, 0.9912917271407837, 0.9898403483309144]"
,,,
tcfd_recommendations:,tcfd_recommendations:,tcfd_recommendations:,tcfd_recommendations:
"micro_f1: 0.6803 ± 0.0064 [0.6875, 0.69, 0.675, 0.68, 0.6725, 0.6825, 0.6725, 0.6725, 0.685, 0.685]","micro_f1: 0.6997 ± 0.0061 [0.7125, 0.7025, 0.705, 0.7, 0.7, 0.7025, 0.6975, 0.6925, 0.6925, 0.6925]","micro_f1: 0.7027 ± 0.0058 [0.71, 0.7025, 0.69, 0.71, 0.705, 0.6975, 0.7025, 0.7, 0.7025, 0.7075]","micro_f1: 0.6973 ± 0.0054 [0.6875, 0.7025, 0.6975, 0.695, 0.6975, 0.695, 0.695, 0.7075, 0.6925, 0.7025]"
"macro_f1: 0.5900 ± 0.0085 [0.5949119964315089, 0.6067283011125091, 0.5854445220296284, 0.5862043023062673, 0.5797757088291277, 0.591996008250532, 0.5826139131895692, 0.5793222384099155, 0.6000599290257964, 0.5930461956503101]","macro_f1: 0.6143 ± 0.0051 [0.6219874133539097, 0.6171527629702654, 0.6174046964939823, 0.6154604144631175, 0.6163453258660698, 0.6147558221143383, 0.6160352455048858, 0.607111256664828, 0.6031966978153706, 0.6138598955456955]","macro_f1: 0.6128 ± 0.0096 [0.6241657883065793, 0.6001774806659145, 0.6063236538590944, 0.6240608382011221, 0.6265656260488586, 0.6043632942026288, 0.6224136394715367, 0.608345276422535, 0.6043771875180708, 0.6076723778756353]","macro_f1: 0.6131 ± 0.0054 [0.6019962103376738, 0.6117934209697874, 0.6179101476400027, 0.6106704391943755, 0.6127028985264004, 0.6126987637139428, 0.6133903560048599, 0.6198600823951399, 0.60857949128807, 0.6212098616293034]"
"weighted_f1: 0.6743 ± 0.0066 [0.6806239710090044, 0.684355696676678, 0.6710301919891017, 0.6739618107711141, 0.6649854119112488, 0.6751807468944504, 0.6649127546999888, 0.6679661936876835, 0.6804012787298488, 0.6800535289191753]","weighted_f1: 0.6906 ± 0.0054 [0.7012375628889512, 0.6914697516468463, 0.6942046433477238, 0.6907837084263719, 0.6942515312638711, 0.6925104831190088, 0.6898171289931713, 0.683138193199577, 0.6827118807389335, 0.685394614105791]","weighted_f1: 0.6944 ± 0.0066 [0.7030924121207931, 0.690359537891528, 0.6820238539882895, 0.7049295792891406, 0.6990382018459723, 0.6887393472423742, 0.6980784611482388, 0.6922691418660741, 0.6916853270014355, 0.6933617483606714]","weighted_f1: 0.6919 ± 0.0048 [0.6831475565524346, 0.6964003005674594, 0.6930180354366943, 0.6903992563841301, 0.6926629731315179, 0.6907163360544993, 0.6890724753856909, 0.6983143892753538, 0.6867533159686886, 0.6989297952680285]"
"accuracy: 0.6803 ± 0.0064 [0.6875, 0.69, 0.675, 0.68, 0.6725, 0.6825, 0.6725, 0.6725, 0.685, 0.685]","accuracy: 0.6997 ± 0.0061 [0.7125, 0.7025, 0.705, 0.7, 0.7, 0.7025, 0.6975, 0.6925, 0.6925, 0.6925]","accuracy: 0.7027 ± 0.0058 [0.71, 0.7025, 0.69, 0.71, 0.705, 0.6975, 0.7025, 0.7, 0.7025, 0.7075]","accuracy: 0.6973 ± 0.0054 [0.6875, 0.7025, 0.6975, 0.695, 0.6975, 0.695, 0.695, 0.7075, 0.6925, 0.7025]"
,,,
water_forest_biodiversity_nature:,water_forest_biodiversity_nature:,water_forest_biodiversity_nature:,water_forest_biodiversity_nature:
"micro_f1: 0.9712 ± 0.0017 [0.97131931166348, 0.9712643678160919, 0.968299711815562, 0.9703915950334289, 0.97131931166348, 0.970334928229665, 0.9702780441035475, 0.9702780441035475, 0.9741626794258373, 0.9741131351869607]","micro_f1: 0.9693 ± 0.0037 [0.9712092130518234, 0.9682386910490857, 0.9702209414024976, 0.9702780441035475, 0.968421052631579, 0.9720885466794995, 0.9758454106280193, 0.9607655502392345, 0.9663784822286263, 0.9694072657743786]","micro_f1: 0.9639 ± 0.0030 [0.968299711815562, 0.9624639076034649, 0.9673704414587332, 0.9641819941916747, 0.9665711556829035, 0.9655172413793104, 0.958930276981853, 0.9634615384615385, 0.9596153846153846, 0.9623188405797102]","micro_f1: 0.9718 ± 0.0023 [0.9692898272552783, 0.9723546234509056, 0.9722488038277513, 0.9732313575525813, 0.973963355834137, 0.9692307692307692, 0.968421052631579, 0.970334928229665, 0.9761222540592168, 0.9732313575525813]"
"macro_f1: 0.9702 ± 0.0020 [0.9714126040409112, 0.970278554379378, 0.9670582091254367, 0.9693675449976269, 0.9687278151417495, 0.9687466669327925, 0.9703019034855971, 0.9691973687670578, 0.9734568489286599, 0.9734315504060936]","macro_f1: 0.9663 ± 0.0048 [0.9697121856326745, 0.9649750296376118, 0.9671475509497556, 0.9673310847607599, 0.9664123930513239, 0.9706140925449598, 0.9737105251206115, 0.9551072774404505, 0.9624959372304596, 0.9657844735869044]","macro_f1: 0.9618 ± 0.0036 [0.9660269368415512, 0.9597253173983769, 0.9667018157441623, 0.9637023231209028, 0.9628124879392002, 0.9656397352690254, 0.9558817592200994, 0.9601991422511928, 0.9569736700859506, 0.9600547878037393]","macro_f1: 0.9694 ± 0.0028 [0.9675762714061676, 0.9699293894206406, 0.9708384743693608, 0.9708882792006189, 0.9727641550923553, 0.9650260687880301, 0.9652096191737434, 0.9676897762898813, 0.9733910461922017, 0.9707838464300805]"
"weighted_f1: 0.9712 ± 0.0017 [0.9713240938594597, 0.9712478673721815, 0.9682826357925771, 0.9703872091577478, 0.9712591135075589, 0.9703087792823206, 0.9702834524489566, 0.970261958652901, 0.9741539002334522, 0.9741069864981186]","weighted_f1: 0.9693 ± 0.0037 [0.9711745811517601, 0.9681964899607661, 0.970200286045431, 0.9703082489141945, 0.9684436922642973, 0.9720550215987382, 0.9758094472743785, 0.9606556856884246, 0.9663780046252994, 0.9694042471057377]","weighted_f1: 0.9639 ± 0.0030 [0.9682718915293322, 0.9624357591129141, 0.9673611831400861, 0.9641746419372946, 0.9666075031293988, 0.9655204417431971, 0.9588994864025853, 0.9634267240420036, 0.9595526843942558, 0.9622890822236403]","weighted_f1: 0.9718 ± 0.0023 [0.9692462127987815, 0.9723272262605165, 0.9722248295516184, 0.9732016161748264, 0.9739524096409388, 0.9692041724938304, 0.9683916233300983, 0.9702831305592151, 0.9760359603301385, 0.9731647546409943]"
,,,
wximpactbench:,wximpactbench:,wximpactbench:,wximpactbench:
"micro_f1: 0.5340 ± 0.0245 [0.5212765957446809, 0.5638297872340425, 0.48677248677248675, 0.5139664804469274, 0.5157894736842106, 0.5319148936170213, 0.5654450261780105, 0.5595854922279793, 0.5517241379310345, 0.5297297297297298]","micro_f1: 0.5265 ± 0.0206 [0.5111111111111111, 0.5388127853881278, 0.4972972972972973, 0.5168539325842697, 0.4888888888888889, 0.5396825396825397, 0.5524861878453039, 0.5408163265306123, 0.5473684210526316, 0.53125]","micro_f1: 0.5117 ± 0.0389 [0.4756756756756757, 0.5685279187817259, 0.4888888888888889, 0.449438202247191, 0.4642857142857143, 0.518918918918919, 0.5641025641025641, 0.5157894736842106, 0.5353535353535354, 0.5360824742268041]","micro_f1: 0.5260 ± 0.0232 [0.47368421052631576, 0.5658536585365853, 0.5208333333333334, 0.5174129353233831, 0.5212765957446809, 0.5297297297297298, 0.5205479452054794, 0.5181347150259067, 0.5482233502538071, 0.5446009389671361]"
"macro_f1: 0.2608 ± 0.0324 [0.24526881720430108, 0.29052128427128426, 0.20565749235474007, 0.24562693379897682, 0.2226890756302521, 0.2505808440018966, 0.3011111111111111, 0.30217810862972155, 0.2937748381884259, 0.2507814992025518]","macro_f1: 0.2476 ± 0.0338 [0.23171993275839775, 0.23978919631093545, 0.2102292768959436, 0.20869931196018152, 0.2079124579124579, 0.3155794504181601, 0.24843674843674846, 0.28265422696115766, 0.27355519185306415, 0.25752865592169244]","macro_f1: 0.2434 ± 0.0489 [0.22054027624984718, 0.30200508200508197, 0.2189855072463768, 0.14047619047619048, 0.19144338807260156, 0.27078563411896744, 0.27543967549678566, 0.23601097005352326, 0.2903693528693529, 0.288179325915175]","macro_f1: 0.2524 ± 0.0323 [0.21600749480933812, 0.3257769423558898, 0.23029904236916376, 0.23642024377318496, 0.2227431513145799, 0.24433204189984217, 0.22899251132009754, 0.26528749028749027, 0.2837053442186324, 0.2708672128297178]"
"weighted_f1: 0.4446 ± 0.0337 [0.42843508397760593, 0.4760996923187006, 0.3798620062173023, 0.4348196606261122, 0.399402736301132, 0.44378343110400525, 0.4798898071625344, 0.4875554552973908, 0.4705732214019628, 0.44512950294594483]","weighted_f1: 0.4272 ± 0.0314 [0.4149339392936475, 0.4128311501649626, 0.3822467095194368, 0.4048597727181989, 0.38120878203522834, 0.476476791374152, 0.44092638307514337, 0.45537473327752354, 0.4634761241337644, 0.4399228613246935]","weighted_f1: 0.4196 ± 0.0489 [0.38849363724251207, 0.47925717198444473, 0.39266259432267336, 0.3165289256198347, 0.36980078144531664, 0.4383459943790522, 0.4667894796652389, 0.430632726570831, 0.4625412466321556, 0.4513168363940233]","weighted_f1: 0.4291 ± 0.0268 [0.39326948711112936, 0.4829385447088796, 0.41723481043530786, 0.4145009131640147, 0.4071923162832254, 0.429455000836052, 0.40106069241862913, 0.437971257392745, 0.46032103210321035, 0.4468021009704296]"