BASE-MODEL,CMB_MARK_WX_SYN_CX_LRD,CMB_MARK_CX_LRD,CMB_FWEdu_V2_CX_LRD,CMB_WX_SYN_CX_LRD,CMB_MARK_WX_SYN_CX,CMB_MARK_CX,CMB_WX_SYN_CX,CMB_FWEdu_V2_CX,CMB_FWEdu_V2_MARK_WX_SYN_CX,CMB_FWEdu_V2_MARK_WX_SYN_ZYDA_CX,CMB_MARK_WX_SYN_ZYDA_CX,CMB_WX_SYN_ZYDA_CX,CMB_FWEdu_V2_MARK_WX_SYN_CX_LRD,CMB_FWEdu_V2_MARK_WX_SYN_ZYDA_CX_LRD
clim_retrieve:,clim_retrieve:,clim_retrieve:,clim_retrieve:,clim_retrieve:,clim_retrieve:,clim_retrieve:,clim_retrieve:,clim_retrieve:,clim_retrieve:,clim_retrieve:,clim_retrieve:,clim_retrieve:,clim_retrieve:,clim_retrieve:
"precision: 0.9454 ± 0.0152 [0.9259259259259259, 0.9629629629629629, 0.9473684210526315]","precision: 0.9449 ± 0.0146 [0.9629629629629629, 0.9272727272727272, 0.9444444444444444]","precision: 0.9185 ± 0.0143 [0.9298245614035088, 0.8983050847457628, 0.9272727272727272]","precision: 0.9552 ± 0.0172 [0.9464285714285714, 0.94, 0.9791666666666666]","precision: 0.9310 ± 0.0277 [0.9322033898305084, 0.896551724137931, 0.9642857142857143]","precision: 0.9110 ± 0.0442 [0.9152542372881356, 0.8548387096774194, 0.9629629629629629]","precision: 0.9128 ± 0.0007 [0.9122807017543859, 0.9122807017543859, 0.9137931034482759]","precision: 0.9094 ± 0.0269 [0.9464285714285714, 0.8833333333333333, 0.8983050847457628]","precision: 0.9228 ± 0.0064 [0.9137931034482759, 0.9285714285714286, 0.9259259259259259]","precision: 0.9292 ± 0.0231 [0.9454545454545454, 0.9454545454545454, 0.896551724137931]","precision: 0.9141 ± 0.0299 [0.9423076923076923, 0.8727272727272727, 0.9272727272727272]","precision: 0.9187 ± 0.0198 [0.8983050847457628, 0.9454545454545454, 0.9122807017543859]","precision: 0.9345 ± 0.0081 [0.9322033898305084, 0.9259259259259259, 0.9454545454545454]","precision: 0.9191 ± 0.0160 [0.896551724137931, 0.9310344827586207, 0.9298245614035088]","precision: 0.9344 ± 0.0208 [0.9122807017543859, 0.9285714285714286, 0.9622641509433962]"
"recall: 0.8000 ± 0.0251 [0.7692307692307693, 0.8, 0.8307692307692308]","recall: 0.7897 ± 0.0073 [0.8, 0.7846153846153846, 0.7846153846153846]","recall: 0.8051 ± 0.0145 [0.8153846153846154, 0.8153846153846154, 0.7846153846153846]","recall: 0.7538 ± 0.0435 [0.8153846153846154, 0.7230769230769231, 0.7230769230769231]","recall: 0.8256 ± 0.0192 [0.8461538461538461, 0.8, 0.8307692307692308]","recall: 0.8154 ± 0.0126 [0.8307692307692308, 0.8153846153846154, 0.8]","recall: 0.8051 ± 0.0073 [0.8, 0.8, 0.8153846153846154]","recall: 0.8154 ± 0.0000 [0.8153846153846154, 0.8153846153846154, 0.8153846153846154]","recall: 0.7949 ± 0.0192 [0.8153846153846154, 0.8, 0.7692307692307693]","recall: 0.8000 ± 0.0000 [0.8, 0.8, 0.8]","recall: 0.7590 ± 0.0192 [0.7538461538461538, 0.7384615384615385, 0.7846153846153846]","recall: 0.8051 ± 0.0073 [0.8153846153846154, 0.8, 0.8]","recall: 0.8051 ± 0.0316 [0.8461538461538461, 0.7692307692307693, 0.8]","recall: 0.8154 ± 0.0126 [0.8, 0.8307692307692308, 0.8153846153846154]","recall: 0.7949 ± 0.0073 [0.8, 0.8, 0.7846153846153846]"
"f1: 0.8665 ± 0.0191 [0.8403361344537815, 0.8739495798319328, 0.8852459016393442]","f1: 0.8604 ± 0.0100 [0.8739495798319328, 0.85, 0.8571428571428571]","f1: 0.8579 ± 0.0080 [0.8688524590163934, 0.8548387096774194, 0.85]","f1: 0.8418 ± 0.0249 [0.8760330578512396, 0.8173913043478261, 0.831858407079646]","f1: 0.8751 ± 0.0210 [0.8870967741935484, 0.8455284552845529, 0.8925619834710744]","f1: 0.8599 ± 0.0179 [0.8709677419354839, 0.8346456692913385, 0.8739495798319328]","f1: 0.8556 ± 0.0044 [0.8524590163934426, 0.8524590163934426, 0.8617886178861789]","f1: 0.8596 ± 0.0119 [0.8760330578512396, 0.848, 0.8548387096774194]","f1: 0.8539 ± 0.0096 [0.8617886178861789, 0.859504132231405, 0.8403361344537815]","f1: 0.8596 ± 0.0100 [0.8666666666666667, 0.8666666666666667, 0.8455284552845529]","f1: 0.8292 ± 0.0213 [0.8376068376068376, 0.8, 0.85]","f1: 0.8580 ± 0.0062 [0.8548387096774194, 0.8666666666666667, 0.8524590163934426]","f1: 0.8647 ± 0.0191 [0.8870967741935484, 0.8403361344537815, 0.8666666666666667]","f1: 0.8641 ± 0.0137 [0.8455284552845529, 0.8780487804878049, 0.8688524590163934]","f1: 0.8588 ± 0.0049 [0.8524590163934426, 0.859504132231405, 0.864406779661017]"
"accuracy: 0.9967 ± 0.0005 [0.9960350584307178, 0.9968697829716193, 0.9970784641068448]","accuracy: 0.9965 ± 0.0003 [0.9968697829716193, 0.9962437395659433, 0.9964524207011686]","accuracy: 0.9964 ± 0.0002 [0.996661101836394, 0.9962437395659433, 0.9962437395659433]","accuracy: 0.9962 ± 0.0005 [0.9968697829716193, 0.9956176961602671, 0.9960350584307178]","accuracy: 0.9968 ± 0.0005 [0.9970784641068448, 0.9960350584307178, 0.9972871452420701]","accuracy: 0.9964 ± 0.0005 [0.996661101836394, 0.9956176961602671, 0.9968697829716193]","accuracy: 0.9963 ± 0.0001 [0.9962437395659433, 0.9962437395659433, 0.9964524207011686]","accuracy: 0.9964 ± 0.0004 [0.9968697829716193, 0.9960350584307178, 0.9962437395659433]","accuracy: 0.9963 ± 0.0002 [0.9964524207011686, 0.9964524207011686, 0.9960350584307178]","accuracy: 0.9965 ± 0.0003 [0.996661101836394, 0.996661101836394, 0.9960350584307178]","accuracy: 0.9958 ± 0.0005 [0.9960350584307178, 0.994991652754591, 0.9962437395659433]","accuracy: 0.9964 ± 0.0002 [0.9962437395659433, 0.996661101836394, 0.9962437395659433]","accuracy: 0.9966 ± 0.0004 [0.9970784641068448, 0.9960350584307178, 0.996661101836394]","accuracy: 0.9965 ± 0.0004 [0.9960350584307178, 0.9968697829716193, 0.996661101836394]","accuracy: 0.9965 ± 0.0002 [0.9962437395659433, 0.9964524207011686, 0.996661101836394]"
"map: 0.5049 ± 0.0021 [0.5070817752896642, 0.502087911812997, 0.5056258272463146]","map: 0.4870 ± 0.0099 [0.4949682822979134, 0.4930297462109064, 0.4729914859773351]","map: 0.4968 ± 0.0107 [0.4888872137609548, 0.48963621636001875, 0.5119531657458741]","map: 0.4915 ± 0.0107 [0.47870405227936, 0.4911042488071536, 0.5047883490997213]","map: 0.5172 ± 0.0027 [0.5182649644943078, 0.5134447016874344, 0.519771209033922]","map: 0.5158 ± 0.0140 [0.5015701470246925, 0.5347604514082644, 0.5110160856251473]","map: 0.4974 ± 0.0105 [0.49896442295132676, 0.48373554868631646, 0.5093934247484257]","map: 0.5190 ± 0.0015 [0.5168603116528786, 0.5198280589742326, 0.5202359265675378]","map: 0.5028 ± 0.0085 [0.5109262445373584, 0.5064332125359694, 0.49107728835138886]","map: 0.5164 ± 0.0123 [0.5020690327083647, 0.5319990956574455, 0.5150906929989721]","map: 0.4814 ± 0.0016 [0.4833678753438473, 0.4813876603758278, 0.479455759767046]","map: 0.5062 ± 0.0085 [0.4979224854318839, 0.5179714460717295, 0.5027848645313184]","map: 0.5136 ± 0.0064 [0.5226638468537318, 0.5082610302500327, 0.5099205403825967]","map: 0.5007 ± 0.0035 [0.5012220570288538, 0.49618907443105303, 0.5047863738479393]","map: 0.4929 ± 0.0028 [0.49345248725682406, 0.48929452297510195, 0.49601743780073804]"
"map@5: 0.4302 ± 0.0080 [0.44058080808080813, 0.4289141414141414, 0.42122183372183375]","map@5: 0.4113 ± 0.0098 [0.4192987567987568, 0.4170260295260295, 0.397503885003885]","map@5: 0.4206 ± 0.0140 [0.41481157731157736, 0.4071192696192696, 0.4398115773115773]","map@5: 0.4214 ± 0.0094 [0.4113150738150738, 0.4189491064491065, 0.4340423465423466]","map@5: 0.4499 ± 0.0013 [0.45105866355866353, 0.45048756798756795, 0.44814491064491063]","map@5: 0.4403 ± 0.0219 [0.4170260295260295, 0.4696833721833722, 0.4340423465423465]","map@5: 0.4258 ± 0.0102 [0.42314491064491067, 0.41481157731157736, 0.439461926961927]","map@5: 0.4471 ± 0.0030 [0.44307498057498057, 0.45006798756798755, 0.4482031857031857]","map@5: 0.4261 ± 0.0153 [0.4420843045843046, 0.43054584304584304, 0.405545843045843]","map@5: 0.4435 ± 0.0086 [0.4324106449106449, 0.4532731157731158, 0.44493978243978244]","map@5: 0.4091 ± 0.0019 [0.4071192696192696, 0.40869269619269616, 0.4116064491064491]","map@5: 0.4310 ± 0.0135 [0.41615190365190363, 0.44878593628593627, 0.4279817404817405]","map@5: 0.4428 ± 0.0092 [0.4532731157731158, 0.43083721833721833, 0.4442987567987568]","map@5: 0.4286 ± 0.0044 [0.432503885003885, 0.422503885003885, 0.43083721833721833]","map@5: 0.4231 ± 0.0029 [0.4237859362859363, 0.4192987567987568, 0.42635003885003886]"
"map@10: 0.4921 ± 0.0017 [0.49121212121212127, 0.4906912531912531, 0.49442723942723943]","map@10: 0.4728 ± 0.0080 [0.4807206682206682, 0.47575449242115914, 0.46181041181041177]","map@10: 0.4809 ± 0.0107 [0.4753496503496504, 0.471441058941059, 0.4958916083916084]","map@10: 0.4771 ± 0.0095 [0.4643606393606394, 0.4798365523365523, 0.4872513597513597]","map@10: 0.5066 ± 0.0026 [0.5079028995695662, 0.5030582997249664, 0.508960483960484]","map@10: 0.5029 ± 0.0149 [0.48994338994338993, 0.5237859362859363, 0.4949300699300699]","map@10: 0.4835 ± 0.0095 [0.488151817318484, 0.47022144522144527, 0.4920326586993254]","map@10: 0.5026 ± 0.0026 [0.5003940503940504, 0.5062073728740395, 0.5012487512487512]","map@10: 0.4902 ± 0.0075 [0.49465503632170293, 0.4964071730738397, 0.4796336688003355]","map@10: 0.5061 ± 0.0134 [0.49026390276390275, 0.5229409479409479, 0.5050505050505051]","map@10: 0.4648 ± 0.0019 [0.4654300945967612, 0.4621694971694972, 0.46673573340240004]","map@10: 0.4932 ± 0.0074 [0.4876040626040626, 0.5036266511266512, 0.48824477991144666]","map@10: 0.5027 ± 0.0053 [0.5098873348873348, 0.4973232323232324, 0.5009129759129759]","map@10: 0.4887 ± 0.0038 [0.49072760572760576, 0.4833139083139083, 0.4919369211035878]","map@10: 0.4813 ± 0.0050 [0.48424630924630924, 0.47426292842959505, 0.48527195027195025]"
"ndcg: 0.5137 ± 0.0025 [0.5117539787535781, 0.5172439064104941, 0.5121401731502305]","ndcg: 0.4974 ± 0.0059 [0.4988514107625059, 0.5037267710832857, 0.489520215610552]","ndcg: 0.5051 ± 0.0097 [0.4951421226454177, 0.5019174814572911, 0.5181581745297547]","ndcg: 0.5074 ± 0.0126 [0.4914195542928149, 0.5088501677401382, 0.522075731896009]","ndcg: 0.5110 ± 0.0055 [0.5186077539138556, 0.5090024511756062, 0.5054812445881329]","ndcg: 0.5172 ± 0.0058 [0.510231885264517, 0.5244563497756112, 0.5169608943786085]","ndcg: 0.5033 ± 0.0107 [0.5114704155137234, 0.4882257558962878, 0.5101054260608553]","ndcg: 0.5179 ± 0.0015 [0.5193863448193105, 0.5157712914609551, 0.5184803010568039]","ndcg: 0.5085 ± 0.0034 [0.503898261301576, 0.5097843256797675, 0.5119188588731414]","ndcg: 0.5164 ± 0.0089 [0.5053549671970944, 0.5270405208211303, 0.5169238969941499]","ndcg: 0.4962 ± 0.0053 [0.5032925428827595, 0.49472406853582085, 0.4905683661188159]","ndcg: 0.5105 ± 0.0023 [0.5087090006515866, 0.5090643505861032, 0.513853859103186]","ndcg: 0.5111 ± 0.0047 [0.5057189435295519, 0.5104769196833433, 0.5171467204268925]","ndcg: 0.5075 ± 0.0035 [0.5050589384105617, 0.5049341426463433, 0.5123795954419348]","ndcg: 0.5009 ± 0.0032 [0.5015299537678768, 0.5044145573736057, 0.49662860765994465]"
"ndcg@5: 0.4763 ± 0.0080 [0.48408907000612367, 0.4794870653847507, 0.4651870399917936]","ndcg@5: 0.4498 ± 0.0065 [0.45635847150439746, 0.4520836719571336, 0.44099798499379345]","ndcg@5: 0.4693 ± 0.0096 [0.46044108354575425, 0.4647340877721673, 0.48259253054172496]","ndcg@5: 0.4735 ± 0.0151 [0.45837695073531964, 0.4680537608946412, 0.49413089302346813]","ndcg@5: 0.4745 ± 0.0088 [0.4866943667943581, 0.47071033089331754, 0.4660771513187601]","ndcg@5: 0.4814 ± 0.0116 [0.4684131495370647, 0.4965431061826751, 0.47938426450662913]","ndcg@5: 0.4642 ± 0.0061 [0.4682004319329343, 0.4556482274923309, 0.4688506948993727]","ndcg@5: 0.4822 ± 0.0015 [0.4842281665592502, 0.48103398790935514, 0.48128308769082323]","ndcg@5: 0.4659 ± 0.0023 [0.46284568258909814, 0.46839137806142295, 0.46640810415144596]","ndcg@5: 0.4827 ± 0.0096 [0.4736733348532287, 0.49592999273063987, 0.4785500600555825]","ndcg@5: 0.4626 ± 0.0068 [0.47178400960977795, 0.4554345706318711, 0.46048259971987177]","ndcg@5: 0.4697 ± 0.0064 [0.46097841113389787, 0.47175113649127465, 0.47622569206551013]","ndcg@5: 0.4771 ± 0.0136 [0.47281516521642253, 0.46309752503024626, 0.4954635683416805]","ndcg@5: 0.4721 ± 0.0038 [0.4745934763524292, 0.4666746066023578, 0.47491646979989594]","ndcg@5: 0.4665 ± 0.0047 [0.4671720232191118, 0.4719764404923443, 0.4604319517047486]"
"ndcg@10: 0.4981 ± 0.0029 [0.49569641980893314, 0.5022238101036395, 0.49642658673301826]","ndcg@10: 0.4755 ± 0.0041 [0.47730426289357947, 0.4794688777444732, 0.469791138639728]","ndcg@10: 0.4872 ± 0.0110 [0.4800814593593748, 0.4787981897267065, 0.5027066847962252]","ndcg@10: 0.4862 ± 0.0132 [0.4689448355841471, 0.4886519634395488, 0.5010389728495102]","ndcg@10: 0.4953 ± 0.0057 [0.5032563437600899, 0.49229373957821276, 0.4902052083133003]","ndcg@10: 0.4982 ± 0.0086 [0.4912549314897212, 0.5103022873117244, 0.492953708947546]","ndcg@10: 0.4810 ± 0.0091 [0.4885926837988483, 0.46814361672894295, 0.4861759479272043]","ndcg@10: 0.4967 ± 0.0021 [0.4996664076458291, 0.495274620852448, 0.4952458378213135]","ndcg@10: 0.4902 ± 0.0052 [0.4832323269035037, 0.49568352559130463, 0.49167375745480985]","ndcg@10: 0.5015 ± 0.0128 [0.48618280420882937, 0.5175407207430284, 0.5006512676364422]","ndcg@10: 0.4760 ± 0.0035 [0.48050635040567463, 0.4720144704508685, 0.47538607294857055]","ndcg@10: 0.4923 ± 0.0035 [0.49504614787513046, 0.48738452260759735, 0.4945157438989973]","ndcg@10: 0.4963 ± 0.0060 [0.49154080545821716, 0.4925906680805133, 0.5047466706065417]","ndcg@10: 0.4873 ± 0.0029 [0.48470052704367667, 0.4858007801505124, 0.49134571690577994]","ndcg@10: 0.4813 ± 0.0027 [0.4840820426219739, 0.48213625533209675, 0.47762135858019605]"
,,,,,,,,,,,,,,
climate_commitments_actions:,climate_commitments_actions:,climate_commitments_actions:,climate_commitments_actions:,climate_commitments_actions:,climate_commitments_actions:,climate_commitments_actions:,climate_commitments_actions:,climate_commitments_actions:,climate_commitments_actions:,climate_commitments_actions:,climate_commitments_actions:,climate_commitments_actions:,climate_commitments_actions:,climate_commitments_actions:
"precision: 0.6402 ± 0.0185 [0.6538461538461539, 0.6526315789473685, 0.6140350877192983]","precision: 0.6145 ± 0.0052 [0.6218487394957983, 0.6115702479338843, 0.6101694915254238]","precision: 0.6402 ± 0.0035 [0.6410256410256411, 0.635593220338983, 0.6440677966101694]","precision: 0.6542 ± 0.0138 [0.6730769230769231, 0.6407766990291263, 0.6486486486486487]","precision: 0.6426 ± 0.0076 [0.6530612244897959, 0.639344262295082, 0.6354166666666666]","precision: 0.6298 ± 0.0101 [0.6310679611650486, 0.616822429906542, 0.6415094339622641]","precision: 0.6580 ± 0.0343 [0.6349206349206349, 0.6324786324786325, 0.7065217391304348]","precision: 0.6305 ± 0.0074 [0.64, 0.6218487394957983, 0.6296296296296297]","precision: 0.6745 ± 0.0128 [0.6777777777777778, 0.6574074074074074, 0.6883116883116883]","precision: 0.6597 ± 0.0456 [0.6931818181818182, 0.5952380952380952, 0.6907216494845361]","precision: 0.6883 ± 0.0092 [0.6875, 0.6774193548387096, 0.7]","precision: 0.6359 ± 0.0133 [0.6293103448275862, 0.6545454545454545, 0.6239316239316239]","precision: 0.6081 ± 0.0106 [0.6120689655172413, 0.6186440677966102, 0.5934959349593496]","precision: 0.6863 ± 0.0101 [0.6829268292682927, 0.676056338028169, 0.7]","precision: 0.6595 ± 0.0030 [0.6559139784946236, 0.6632653061224489, 0.6593406593406593]"
"recall: 0.6803 ± 0.0347 [0.6938775510204082, 0.6326530612244898, 0.7142857142857143]","recall: 0.7483 ± 0.0096 [0.7551020408163265, 0.7551020408163265, 0.7346938775510204]","recall: 0.7687 ± 0.0048 [0.7653061224489796, 0.7653061224489796, 0.7755102040816326]","recall: 0.7075 ± 0.0255 [0.7142857142857143, 0.673469387755102, 0.7346938775510204]","recall: 0.6905 ± 0.0756 [0.6530612244897959, 0.7959183673469388, 0.6224489795918368]","recall: 0.6769 ± 0.0127 [0.6632653061224489, 0.673469387755102, 0.6938775510204082]","recall: 0.7449 ± 0.0629 [0.8163265306122449, 0.7551020408163265, 0.6632653061224489]","recall: 0.7007 ± 0.0419 [0.6530612244897959, 0.7551020408163265, 0.6938775510204082]","recall: 0.6293 ± 0.0751 [0.6224489795918368, 0.7244897959183674, 0.5408163265306123]","recall: 0.6905 ± 0.0585 [0.6224489795918368, 0.7653061224489796, 0.6836734693877551]","recall: 0.6293 ± 0.0428 [0.673469387755102, 0.6428571428571429, 0.5714285714285714]","recall: 0.7415 ± 0.0048 [0.7448979591836735, 0.7346938775510204, 0.7448979591836735]","recall: 0.7381 ± 0.0096 [0.7244897959183674, 0.7448979591836735, 0.7448979591836735]","recall: 0.5204 ± 0.0363 [0.5714285714285714, 0.4897959183673469, 0.5]","recall: 0.6327 ± 0.0220 [0.6224489795918368, 0.6632653061224489, 0.6122448979591837]"
"f1: 0.6587 ± 0.0126 [0.6732673267326733, 0.6424870466321243, 0.660377358490566]","f1: 0.6748 ± 0.0063 [0.6820276497695853, 0.6757990867579908, 0.6666666666666666]","f1: 0.6986 ± 0.0038 [0.6976744186046512, 0.6944444444444444, 0.7037037037037037]","f1: 0.6796 ± 0.0163 [0.693069306930693, 0.6567164179104478, 0.6889952153110048]","f1: 0.6637 ± 0.0336 [0.6530612244897959, 0.7090909090909091, 0.6288659793814433]","f1: 0.6524 ± 0.0101 [0.6467661691542289, 0.6439024390243903, 0.6666666666666666]","f1: 0.6956 ± 0.0133 [0.7142857142857143, 0.6883720930232559, 0.6842105263157895]","f1: 0.6629 ± 0.0146 [0.6464646464646465, 0.6820276497695853, 0.6601941747572816]","f1: 0.6480 ± 0.0341 [0.648936170212766, 0.6893203883495146, 0.6057142857142858]","f1: 0.6709 ± 0.0128 [0.6559139784946236, 0.6696428571428571, 0.6871794871794872]","f1: 0.6564 ± 0.0210 [0.6804123711340206, 0.6596858638743456, 0.6292134831460674]","f1: 0.6845 ± 0.0056 [0.6822429906542056, 0.6923076923076923, 0.6790697674418604]","f1: 0.6667 ± 0.0066 [0.6635514018691588, 0.6759259259259259, 0.6606334841628959]","f1: 0.5912 ± 0.0228 [0.6222222222222222, 0.5680473372781065, 0.5833333333333334]","f1: 0.6456 ± 0.0126 [0.6387434554973822, 0.6632653061224489, 0.6349206349206349]"
"accuracy: 0.7844 ± 0.0077 [0.79375, 0.784375, 0.775]","accuracy: 0.7792 ± 0.0039 [0.784375, 0.778125, 0.775]","accuracy: 0.7969 ± 0.0026 [0.796875, 0.79375, 0.8]","accuracy: 0.7958 ± 0.0090 [0.80625, 0.784375, 0.796875]","accuracy: 0.7875 ± 0.0102 [0.7875, 0.8, 0.775]","accuracy: 0.7792 ± 0.0064 [0.778125, 0.771875, 0.7875]","accuracy: 0.8010 ± 0.0090 [0.8, 0.790625, 0.8125]","accuracy: 0.7823 ± 0.0015 [0.78125, 0.784375, 0.78125]","accuracy: 0.7927 ± 0.0064 [0.79375, 0.8, 0.784375]","accuracy: 0.7927 ± 0.0174 [0.8, 0.76875, 0.809375]","accuracy: 0.7990 ± 0.0053 [0.80625, 0.796875, 0.79375]","accuracy: 0.7906 ± 0.0068 [0.7875, 0.8, 0.784375]","accuracy: 0.7740 ± 0.0064 [0.775, 0.78125, 0.765625]","accuracy: 0.7802 ± 0.0064 [0.7875, 0.771875, 0.78125]","accuracy: 0.7875 ± 0.0044 [0.784375, 0.79375, 0.784375]"
,,,,,,,,,,,,,,
climate_detection:,climate_detection:,climate_detection:,climate_detection:,climate_detection:,climate_detection:,climate_detection:,climate_detection:,climate_detection:,climate_detection:,climate_detection:,climate_detection:,climate_detection:,climate_detection:,climate_detection:
"precision: 0.9694 ± 0.0039 [0.9640522875816994, 0.9705882352941176, 0.973421926910299]","precision: 0.9427 ± 0.0082 [0.939873417721519, 0.9539473684210527, 0.934375]","precision: 0.9537 ± 0.0014 [0.9517684887459807, 0.9548387096774194, 0.9545454545454546]","precision: 0.9792 ± 0.0030 [0.9770491803278688, 0.9833887043189369, 0.9770491803278688]","precision: 0.9578 ± 0.0073 [0.9490445859872612, 0.9668874172185431, 0.9573770491803278]","precision: 0.9625 ± 0.0038 [0.9642857142857143, 0.9572368421052632, 0.9661016949152542]","precision: 0.9558 ± 0.0058 [0.9601328903654485, 0.9475409836065574, 0.959731543624161]","precision: 0.9661 ± 0.0028 [0.9640522875816994, 0.9642857142857143, 0.9700996677740864]","precision: 0.9653 ± 0.0069 [0.9700996677740864, 0.9703947368421053, 0.9555555555555556]","precision: 0.9696 ± 0.0015 [0.9706840390879479, 0.9675324675324676, 0.9706840390879479]","precision: 0.9778 ± 0.0014 [0.9763513513513513, 0.9797297297297297, 0.9774193548387097]","precision: 0.9656 ± 0.0031 [0.9633333333333334, 0.97, 0.9635761589403974]","precision: 0.9665 ± 0.0036 [0.9704918032786886, 0.9673202614379085, 0.9617834394904459]","precision: 0.9687 ± 0.0014 [0.9676375404530745, 0.9706840390879479, 0.9676375404530745]","precision: 0.9806 ± 0.0066 [0.9834983498349835, 0.9714285714285714, 0.9867986798679867]"
"recall: 0.9219 ± 0.0051 [0.921875, 0.928125, 0.915625]","recall: 0.9229 ± 0.0121 [0.928125, 0.90625, 0.934375]","recall: 0.9229 ± 0.0029 [0.925, 0.925, 0.91875]","recall: 0.9292 ± 0.0029 [0.93125, 0.925, 0.93125]","recall: 0.9188 ± 0.0088 [0.93125, 0.9125, 0.9125]","recall: 0.9094 ± 0.0153 [0.928125, 0.909375, 0.890625]","recall: 0.9000 ± 0.0044 [0.903125, 0.903125, 0.89375]","recall: 0.9208 ± 0.0064 [0.921875, 0.928125, 0.9125]","recall: 0.9250 ± 0.0117 [0.9125, 0.921875, 0.940625]","recall: 0.9313 ± 0.0000 [0.93125, 0.93125, 0.93125]","recall: 0.9188 ± 0.0199 [0.903125, 0.90625, 0.946875]","recall: 0.9073 ± 0.0029 [0.903125, 0.909375, 0.909375]","recall: 0.9313 ± 0.0088 [0.925, 0.925, 0.94375]","recall: 0.9333 ± 0.0015 [0.934375, 0.93125, 0.934375]","recall: 0.9406 ± 0.0111 [0.93125, 0.95625, 0.934375]"
"f1: 0.9450 ± 0.0028 [0.9424920127795527, 0.9488817891373802, 0.9436392914653784]","f1: 0.9326 ± 0.0022 [0.9339622641509434, 0.9294871794871795, 0.934375]","f1: 0.9381 ± 0.0014 [0.9381933438985737, 0.9396825396825397, 0.9363057324840764]","f1: 0.9535 ± 0.0001 [0.9536, 0.9533011272141707, 0.9536]","f1: 0.9378 ± 0.0024 [0.9400630914826499, 0.9389067524115756, 0.9344]","f1: 0.9351 ± 0.0080 [0.945859872611465, 0.9326923076923077, 0.926829268292683]","f1: 0.9270 ± 0.0026 [0.9307568438003221, 0.9248, 0.9255663430420712]","f1: 0.9429 ± 0.0022 [0.9424920127795527, 0.945859872611465, 0.9404186795491143]","f1: 0.9447 ± 0.0032 [0.9404186795491143, 0.9455128205128205, 0.9480314960629921]","f1: 0.9501 ± 0.0007 [0.9505582137161085, 0.9490445859872612, 0.9505582137161085]","f1: 0.9473 ± 0.0104 [0.9383116883116883, 0.9415584415584416, 0.9619047619047619]","f1: 0.9356 ± 0.0026 [0.932258064516129, 0.9387096774193548, 0.9356913183279743]","f1: 0.9485 ± 0.0030 [0.9472, 0.9456869009584664, 0.9526813880126183]","f1: 0.9507 ± 0.0001 [0.9507154213036566, 0.9505582137161085, 0.9507154213036566]","f1: 0.9601 ± 0.0029 [0.956661316211878, 0.9637795275590552, 0.9598715890850722]"
"accuracy: 0.9142 ± 0.0042 [0.91, 0.92, 0.9125]","accuracy: 0.8933 ± 0.0024 [0.895, 0.89, 0.895]","accuracy: 0.9025 ± 0.0020 [0.9025, 0.905, 0.9]","accuracy: 0.9275 ± 0.0000 [0.9275, 0.9275, 0.9275]","accuracy: 0.9025 ± 0.0035 [0.905, 0.905, 0.8975]","accuracy: 0.8992 ± 0.0116 [0.915, 0.895, 0.8875]","accuracy: 0.8867 ± 0.0042 [0.8925, 0.8825, 0.885]","accuracy: 0.9108 ± 0.0031 [0.91, 0.915, 0.9075]","accuracy: 0.9133 ± 0.0042 [0.9075, 0.915, 0.9175]","accuracy: 0.9217 ± 0.0012 [0.9225, 0.92, 0.9225]","accuracy: 0.9183 ± 0.0155 [0.905, 0.91, 0.94]","accuracy: 0.9000 ± 0.0041 [0.895, 0.905, 0.9]","accuracy: 0.9192 ± 0.0042 [0.9175, 0.915, 0.925]","accuracy: 0.9225 ± 0.0000 [0.9225, 0.9225, 0.9225]","accuracy: 0.9375 ± 0.0041 [0.9325, 0.9425, 0.9375]"
,,,,,,,,,,,,,,
climate_specificity:,climate_specificity:,climate_specificity:,climate_specificity:,climate_specificity:,climate_specificity:,climate_specificity:,climate_specificity:,climate_specificity:,climate_specificity:,climate_specificity:,climate_specificity:,climate_specificity:,climate_specificity:,climate_specificity:
"precision: 0.8481 ± 0.0182 [0.8395061728395061, 0.8734177215189873, 0.8313253012048193]","precision: 0.8427 ± 0.0065 [0.8390804597701149, 0.8518518518518519, 0.8372093023255814]","precision: 0.8406 ± 0.0411 [0.8536585365853658, 0.8831168831168831, 0.7849462365591398]","precision: 0.8582 ± 0.0151 [0.8674698795180723, 0.8369565217391305, 0.8701298701298701]","precision: 0.8193 ± 0.0110 [0.8181818181818182, 0.8333333333333334, 0.8064516129032258]","precision: 0.8301 ± 0.0242 [0.8043478260869565, 0.8235294117647058, 0.8625]","precision: 0.8764 ± 0.0322 [0.9180327868852459, 0.8717948717948718, 0.8395061728395061]","precision: 0.8224 ± 0.0132 [0.8043478260869565, 0.8352941176470589, 0.8275862068965517]","precision: 0.8358 ± 0.0189 [0.8390804597701149, 0.8111111111111111, 0.8571428571428571]","precision: 0.8220 ± 0.0197 [0.8020833333333334, 0.8152173913043478, 0.8488372093023255]","precision: 0.8695 ± 0.0097 [0.8823529411764706, 0.8674698795180723, 0.8588235294117647]","precision: 0.8332 ± 0.0364 [0.8717948717948718, 0.8433734939759037, 0.7843137254901961]","precision: 0.8205 ± 0.0116 [0.8043478260869565, 0.8255813953488372, 0.8314606741573034]","precision: 0.8653 ± 0.0158 [0.8620689655172413, 0.8478260869565217, 0.8860759493670886]","precision: 0.8594 ± 0.0113 [0.8717948717948718, 0.8444444444444444, 0.8620689655172413]"
"recall: 0.5583 ± 0.0038 [0.5528455284552846, 0.5609756097560976, 0.5609756097560976]","recall: 0.5799 ± 0.0138 [0.5934959349593496, 0.5609756097560976, 0.5853658536585366]","recall: 0.5718 ± 0.0167 [0.5691056910569106, 0.5528455284552846, 0.5934959349593496]","recall: 0.5854 ± 0.0332 [0.5853658536585366, 0.6260162601626016, 0.5447154471544715]","recall: 0.6016 ± 0.0115 [0.5853658536585366, 0.6097560975609756, 0.6097560975609756]","recall: 0.5772 ± 0.0176 [0.6016260162601627, 0.5691056910569106, 0.5609756097560976]","recall: 0.5203 ± 0.0460 [0.45528455284552843, 0.5528455284552846, 0.5528455284552846]","recall: 0.5881 ± 0.0101 [0.6016260162601627, 0.5772357723577236, 0.5853658536585366]","recall: 0.5745 ± 0.0268 [0.5934959349593496, 0.5934959349593496, 0.5365853658536586]","recall: 0.6098 ± 0.0133 [0.6260162601626016, 0.6097560975609756, 0.5934959349593496]","recall: 0.5962 ± 0.0101 [0.6097560975609756, 0.5853658536585366, 0.5934959349593496]","recall: 0.5908 ± 0.0427 [0.5528455284552846, 0.5691056910569106, 0.6504065040650406]","recall: 0.5935 ± 0.0115 [0.6016260162601627, 0.5772357723577236, 0.6016260162601627]","recall: 0.6043 ± 0.0268 [0.6097560975609756, 0.6341463414634146, 0.5691056910569106]","recall: 0.5935 ± 0.0289 [0.5528455284552846, 0.6178861788617886, 0.6097560975609756]"
"f1: 0.6732 ± 0.0071 [0.6666666666666666, 0.6831683168316832, 0.6699029126213593]","f1: 0.6869 ± 0.0078 [0.6952380952380952, 0.6764705882352942, 0.6889952153110048]","f1: 0.6796 ± 0.0029 [0.6829268292682927, 0.68, 0.6759259259259259]","f1: 0.6951 ± 0.0191 [0.6990291262135923, 0.7162790697674418, 0.67]","f1: 0.6937 ± 0.0089 [0.6824644549763034, 0.704225352112676, 0.6944444444444444]","f1: 0.6804 ± 0.0063 [0.6883720930232559, 0.6730769230769231, 0.6798029556650246]","f1: 0.6507 ± 0.0299 [0.6086956521739131, 0.6766169154228856, 0.6666666666666666]","f1: 0.6856 ± 0.0023 [0.6883720930232559, 0.6826923076923077, 0.6857142857142857]","f1: 0.6802 ± 0.0149 [0.6952380952380952, 0.6854460093896714, 0.66]","f1: 0.6998 ± 0.0024 [0.7031963470319634, 0.6976744186046512, 0.6985645933014354]","f1: 0.7074 ± 0.0098 [0.7211538461538461, 0.6990291262135923, 0.7019230769230769]","f1: 0.6891 ± 0.0156 [0.6766169154228856, 0.6796116504854369, 0.7111111111111111]","f1: 0.6886 ± 0.0076 [0.6883720930232559, 0.6794258373205742, 0.6981132075471698]","f1: 0.7110 ± 0.0135 [0.7142857142857143, 0.7255813953488373, 0.693069306930693]","f1: 0.7015 ± 0.0176 [0.6766169154228856, 0.7136150234741784, 0.7142857142857143]"
"accuracy: 0.7917 ± 0.0059 [0.7875, 0.8, 0.7875]","accuracy: 0.7969 ± 0.0026 [0.8, 0.79375, 0.796875]","accuracy: 0.7927 ± 0.0082 [0.796875, 0.8, 0.78125]","accuracy: 0.8031 ± 0.0068 [0.80625, 0.809375, 0.79375]","accuracy: 0.7958 ± 0.0053 [0.790625, 0.803125, 0.79375]","accuracy: 0.7917 ± 0.0039 [0.790625, 0.7875, 0.796875]","accuracy: 0.7865 ± 0.0090 [0.775, 0.796875, 0.7875]","accuracy: 0.7927 ± 0.0015 [0.790625, 0.79375, 0.79375]","accuracy: 0.7927 ± 0.0053 [0.8, 0.790625, 0.7875]","accuracy: 0.7990 ± 0.0029 [0.796875, 0.796875, 0.803125]","accuracy: 0.8104 ± 0.0059 [0.81875, 0.80625, 0.80625]","accuracy: 0.7958 ± 0.0015 [0.796875, 0.79375, 0.796875]","accuracy: 0.7938 ± 0.0044 [0.790625, 0.790625, 0.8]","accuracy: 0.8115 ± 0.0039 [0.8125, 0.815625, 0.80625]","accuracy: 0.8063 ± 0.0068 [0.796875, 0.809375, 0.8125]"
,,,,,,,,,,,,,,
climate_sentiment:,climate_sentiment:,climate_sentiment:,climate_sentiment:,climate_sentiment:,climate_sentiment:,climate_sentiment:,climate_sentiment:,climate_sentiment:,climate_sentiment:,climate_sentiment:,climate_sentiment:,climate_sentiment:,climate_sentiment:,climate_sentiment:
"micro_f1: 0.7400 ± 0.0051 [0.7349, 0.7400, 0.7451]","micro_f1: 0.7677 ± 0.0188 [0.759375, 0.79375, 0.75]","micro_f1: 0.7750 ± 0.0088 [0.76875, 0.76875, 0.7875]","micro_f1: 0.7865 ± 0.0053 [0.78125, 0.784375, 0.79375]","micro_f1: 0.7688 ± 0.0284 [0.775, 0.8, 0.73125]","micro_f1: 0.7562 ± 0.0288 [0.796875, 0.734375, 0.7375]","micro_f1: 0.7917 ± 0.0059 [0.7875, 0.7875, 0.8]","micro_f1: 0.7896 ± 0.0170 [0.803125, 0.765625, 0.8]","micro_f1: 0.7875 ± 0.0051 [0.79375, 0.7875, 0.78125]","micro_f1: 0.7719 ± 0.0088 [0.778125, 0.759375, 0.778125]","micro_f1: 0.7760 ± 0.0174 [0.759375, 0.8, 0.76875]","micro_f1: 0.7729 ± 0.0039 [0.76875, 0.778125, 0.771875]","micro_f1: 0.7740 ± 0.0217 [0.79375, 0.74375, 0.784375]","micro_f1: 0.7562 ± 0.0155 [0.765625, 0.76875, 0.734375]","micro_f1: 0.7635 ± 0.0064 [0.75625, 0.771875, 0.7625]"
"macro_f1: 0.7175 ± 0.0405 [0.7745514742069707, 0.6844192870476697, 0.6935672101107678]","macro_f1: 0.7312 ± 0.0277 [0.7189933857774647, 0.7694310915040147, 0.7050606871214669]","macro_f1: 0.7505 ± 0.0096 [0.7424722142910017, 0.7448709759836484, 0.7640197036236077]","macro_f1: 0.7693 ± 0.0038 [0.7668540389128623, 0.7663708255106104, 0.7746017004022799]","macro_f1: 0.7476 ± 0.0271 [0.7428160101249802, 0.7828924034086621, 0.7170158178518085]","macro_f1: 0.7175 ± 0.0405 [0.7745514742069707, 0.6844192870476697, 0.6935672101107678]","macro_f1: 0.7673 ± 0.0050 [0.7626425217974514, 0.7649984152053227, 0.7742243484031359]","macro_f1: 0.7702 ± 0.0146 [0.7863722111765372, 0.751026751026751, 0.7730617575600434]","macro_f1: 0.7629 ± 0.0049 [0.7677975807633818, 0.7646477354421278, 0.7562819906555935]","macro_f1: 0.7488 ± 0.0062 [0.7529135785993194, 0.7399780309163541, 0.7534396497811132]","macro_f1: 0.7534 ± 0.0189 [0.735287074599955, 0.7794440127773461, 0.745490281059738]","macro_f1: 0.7477 ± 0.0037 [0.7437639030555444, 0.7526422547240311, 0.746644370122631]","macro_f1: 0.7489 ± 0.0263 [0.7723881067691182, 0.7121250114930998, 0.7621529446054544]","macro_f1: 0.7392 ± 0.0118 [0.7493449344934494, 0.7455511820303108, 0.7226464817979149]","macro_f1: 0.7375 ± 0.0080 [0.7265217347422815, 0.745294418842806, 0.7407386771517622]"
"weighted_f1: 0.7554 ± 0.0311 [0.7992412718297467, 0.7310885940996841, 0.7357746815077311]","weighted_f1: 0.7687 ± 0.0201 [0.759863728425502, 0.7965833468815636, 0.7497619955124176]","weighted_f1: 0.7780 ± 0.0084 [0.7720887860473971, 0.7719363383048032, 0.7898765697768166]","weighted_f1: 0.7876 ± 0.0057 [0.7820684228083125, 0.7851838517665131, 0.7954033397063038]","weighted_f1: 0.7685 ± 0.0307 [0.7745251542477456, 0.8027628541142621, 0.7281902086521581]","weighted_f1: 0.7554 ± 0.0311 [0.7992412718297467, 0.7310885940996841, 0.7357746815077311]","weighted_f1: 0.7950 ± 0.0052 [0.7898849346076459, 0.7930582454129377, 0.8020656970093153]","weighted_f1: 0.7902 ± 0.0170 [0.8036817430727018, 0.7662774725274725, 0.8006420371063928]","weighted_f1: 0.7895 ± 0.0049 [0.7955071084626748, 0.7895610546968608, 0.7834649681426038]","weighted_f1: 0.7736 ± 0.0066 [0.7779629987022639, 0.764262491590554, 0.7786336186679175]","weighted_f1: 0.7787 ± 0.0160 [0.7631706521509466, 0.8006764763014763, 0.772363040839626]","weighted_f1: 0.7768 ± 0.0036 [0.7729428845513595, 0.7816650208177645, 0.7757729933110369]","weighted_f1: 0.7759 ± 0.0224 [0.7960517117652461, 0.744703000012538, 0.7868832296000684]","weighted_f1: 0.7594 ± 0.0142 [0.7676400765076508, 0.7711135818582505, 0.7395065474847128]","weighted_f1: 0.7637 ± 0.0063 [0.7562739387470858, 0.7716530337941628, 0.7630993581335457]"
"accuracy: 0.7400 ± 0.0051 [0.7349, 0.7400, 0.7451]","accuracy: 0.7677 ± 0.0188 [0.759375, 0.79375, 0.75]","accuracy: 0.7750 ± 0.0088 [0.76875, 0.76875, 0.7875]","accuracy: 0.7865 ± 0.0053 [0.78125, 0.784375, 0.79375]","accuracy: 0.7688 ± 0.0284 [0.775, 0.8, 0.73125]","accuracy: 0.7562 ± 0.0288 [0.796875, 0.734375, 0.7375]","accuracy: 0.7917 ± 0.0059 [0.7875, 0.7875, 0.8]","accuracy: 0.7896 ± 0.0170 [0.803125, 0.765625, 0.8]","accuracy: 0.7875 ± 0.0051 [0.79375, 0.7875, 0.78125]","accuracy: 0.7719 ± 0.0088 [0.778125, 0.759375, 0.778125]","accuracy: 0.7760 ± 0.0174 [0.759375, 0.8, 0.76875]","accuracy: 0.7729 ± 0.0039 [0.76875, 0.778125, 0.771875]","accuracy: 0.7740 ± 0.0217 [0.79375, 0.74375, 0.784375]","accuracy: 0.7562 ± 0.0155 [0.765625, 0.76875, 0.734375]","accuracy: 0.7635 ± 0.0064 [0.75625, 0.771875, 0.7625]"
,,,,,,,,,,,,,,
netzero_reduction:,netzero_reduction:,netzero_reduction:,netzero_reduction:,netzero_reduction:,netzero_reduction:,netzero_reduction:,netzero_reduction:,netzero_reduction:,netzero_reduction:,netzero_reduction:,netzero_reduction:,netzero_reduction:,netzero_reduction:,netzero_reduction:
"micro_f1: 0.9889 ± 0.0056 [0.9811320754716981, 0.9912917271407837, 0.9941944847605225]","micro_f1: 0.9918 ± 0.0007 [0.9912917271407837, 0.9912917271407837, 0.9927431059506531]","micro_f1: 0.9845 ± 0.0108 [0.969521044992743, 0.9898403483309144, 0.9941944847605225]","micro_f1: 0.9913 ± 0.0000 [0.9912917271407837, 0.9912917271407837, 0.9912917271407837]","micro_f1: 0.9923 ± 0.0007 [0.9927431059506531, 0.9927431059506531, 0.9912917271407837]","micro_f1: 0.9894 ± 0.0030 [0.9927431059506531, 0.9854862119013063, 0.9898403483309144]","micro_f1: 0.9879 ± 0.0048 [0.9912917271407837, 0.9912917271407837, 0.9811320754716981]","micro_f1: 0.9850 ± 0.0038 [0.988388969521045, 0.9796806966618288, 0.9869375907111756]","micro_f1: 0.9932 ± 0.0007 [0.9927431059506531, 0.9927431059506531, 0.9941944847605225]","micro_f1: 0.9913 ± 0.0012 [0.9898403483309144, 0.9912917271407837, 0.9927431059506531]","micro_f1: 0.9860 ± 0.0065 [0.9912917271407837, 0.97677793904209, 0.9898403483309144]","micro_f1: 0.9908 ± 0.0007 [0.9898403483309144, 0.9912917271407837, 0.9912917271407837]","micro_f1: 0.9923 ± 0.0007 [0.9927431059506531, 0.9927431059506531, 0.9912917271407837]","micro_f1: 0.9874 ± 0.0034 [0.9825834542815675, 0.9898403483309144, 0.9898403483309144]","micro_f1: 0.9908 ± 0.0014 [0.9898403483309144, 0.9898403483309144, 0.9927431059506531]"
"macro_f1: 0.9866 ± 0.0064 [0.9777507063294687, 0.98919452755105, 0.9927906976744186]","macro_f1: 0.9898 ± 0.0009 [0.9891860465116279, 0.9891769224055164, 0.9909846375315355]","macro_f1: 0.9814 ± 0.0125 [0.963945384917252, 0.9873887617594711, 0.9927906976744186]","macro_f1: 0.9892 ± 0.0000 [0.9891860465116279, 0.9891860465116279, 0.9891860465116279]","macro_f1: 0.9904 ± 0.0008 [0.9909846375315355, 0.9909846375315355, 0.9891860465116279]","macro_f1: 0.9869 ± 0.0035 [0.9909767651703136, 0.9824599101001551, 0.9873784925441499]","macro_f1: 0.9851 ± 0.0058 [0.9891860465116279, 0.9891860465116279, 0.9769754437800403]","macro_f1: 0.9820 ± 0.0046 [0.9863819648780382, 0.975600487578344, 0.9841582090000306]","macro_f1: 0.9916 ± 0.0009 [0.9909846375315355, 0.9909846375315355, 0.9927906976744186]","macro_f1: 0.9896 ± 0.0012 [0.9881728956144027, 0.9896190221142612, 0.9909919726853365]","macro_f1: 0.9830 ± 0.0075 [0.98919452755105, 0.9725188759287414, 0.9873887617594711]","macro_f1: 0.9886 ± 0.0008 [0.9873887617594711, 0.9891860465116279, 0.9891860465116279]","macro_f1: 0.9904 ± 0.0008 [0.9909846375315355, 0.9909846375315355, 0.9891860465116279]","macro_f1: 0.9851 ± 0.0035 [0.9802262200329667, 0.9873887617594711, 0.9877101220321909]","macro_f1: 0.9886 ± 0.0017 [0.9873887617594711, 0.9873887617594711, 0.9909846375315355]"
"weighted_f1: 0.9889 ± 0.0056 [0.9812011407649447, 0.9912917271407837, 0.994192122050832]","weighted_f1: 0.9918 ± 0.0007 [0.9912881830762481, 0.9912841263091008, 0.9927385157513533]","weighted_f1: 0.9846 ± 0.0107 [0.9696806124060866, 0.9898383555911296, 0.994192122050832]","weighted_f1: 0.9913 ± 0.0000 [0.9912881830762481, 0.9912881830762481, 0.9912881830762481]","weighted_f1: 0.9923 ± 0.0007 [0.9927385157513533, 0.9927385157513533, 0.9912881830762481]","weighted_f1: 0.9894 ± 0.0030 [0.9927349208682604, 0.9855045566527665, 0.9898339220518947]","weighted_f1: 0.9879 ± 0.0048 [0.9912881830762481, 0.9912881830762481, 0.9811769071082632]","weighted_f1: 0.9851 ± 0.0038 [0.9884152471437105, 0.979792210652088, 0.9869705421446026]","weighted_f1: 0.9932 ± 0.0007 [0.9927385157513533, 0.9927385157513533, 0.994192122050832]","weighted_f1: 0.9913 ± 0.0012 [0.9898607791325811, 0.9912823527209916, 0.9927416825650927]","weighted_f1: 0.9860 ± 0.0065 [0.9912917271407837, 0.9768580937249585, 0.9898383555911296]","weighted_f1: 0.9908 ± 0.0007 [0.9898383555911296, 0.9912881830762481, 0.9912881830762481]","weighted_f1: 0.9923 ± 0.0007 [0.9927385157513533, 0.9927385157513533, 0.9912881830762481]","weighted_f1: 0.9874 ± 0.0034 [0.9826516735556444, 0.9898383555911296, 0.9898462484514489]","weighted_f1: 0.9908 ± 0.0014 [0.9898383555911296, 0.9898383555911296, 0.9927385157513533]"
"accuracy: 0.9889 ± 0.0056 [0.9811320754716981, 0.9912917271407837, 0.9941944847605225]","accuracy: 0.9918 ± 0.0007 [0.9912917271407837, 0.9912917271407837, 0.9927431059506531]","accuracy: 0.9845 ± 0.0108 [0.969521044992743, 0.9898403483309144, 0.9941944847605225]","accuracy: 0.9913 ± 0.0000 [0.9912917271407837, 0.9912917271407837, 0.9912917271407837]","accuracy: 0.9923 ± 0.0007 [0.9927431059506531, 0.9927431059506531, 0.9912917271407837]","accuracy: 0.9894 ± 0.0030 [0.9927431059506531, 0.9854862119013063, 0.9898403483309144]","accuracy: 0.9879 ± 0.0048 [0.9912917271407837, 0.9912917271407837, 0.9811320754716981]","accuracy: 0.9850 ± 0.0038 [0.988388969521045, 0.9796806966618288, 0.9869375907111756]","accuracy: 0.9932 ± 0.0007 [0.9927431059506531, 0.9927431059506531, 0.9941944847605225]","accuracy: 0.9913 ± 0.0012 [0.9898403483309144, 0.9912917271407837, 0.9927431059506531]","accuracy: 0.9860 ± 0.0065 [0.9912917271407837, 0.97677793904209, 0.9898403483309144]","accuracy: 0.9908 ± 0.0007 [0.9898403483309144, 0.9912917271407837, 0.9912917271407837]","accuracy: 0.9923 ± 0.0007 [0.9927431059506531, 0.9927431059506531, 0.9912917271407837]","accuracy: 0.9874 ± 0.0034 [0.9825834542815675, 0.9898403483309144, 0.9898403483309144]","accuracy: 0.9908 ± 0.0014 [0.9898403483309144, 0.9898403483309144, 0.9927431059506531]"
,,,,,,,,,,,,,,
tcfd_recommendations:,tcfd_recommendations:,tcfd_recommendations:,tcfd_recommendations:,tcfd_recommendations:,tcfd_recommendations:,tcfd_recommendations:,tcfd_recommendations:,tcfd_recommendations:,tcfd_recommendations:,tcfd_recommendations:,tcfd_recommendations:,tcfd_recommendations:,tcfd_recommendations:,tcfd_recommendations:
"micro_f1: 0.6942 ± 0.0133 [0.6775, 0.695, 0.71]","micro_f1: 0.6942 ± 0.0024 [0.6925, 0.6975, 0.6925]","micro_f1: 0.6933 ± 0.0077 [0.6825, 0.6975, 0.7]","micro_f1: 0.6817 ± 0.0112 [0.695, 0.6825, 0.6675]","micro_f1: 0.6983 ± 0.0047 [0.695, 0.705, 0.695]","micro_f1: 0.6908 ± 0.0085 [0.6875, 0.7025, 0.6825]","micro_f1: 0.6833 ± 0.0092 [0.695, 0.6725, 0.6825]","micro_f1: 0.6842 ± 0.0112 [0.7, 0.675, 0.6775]","micro_f1: 0.6767 ± 0.0066 [0.6825, 0.68, 0.6675]","micro_f1: 0.6800 ± 0.0094 [0.6675, 0.69, 0.6825]","micro_f1: 0.6775 ± 0.0041 [0.6775, 0.6725, 0.6825]","micro_f1: 0.6750 ± 0.0106 [0.66, 0.6825, 0.6825]","micro_f1: 0.7025 ± 0.0141 [0.7225, 0.6925, 0.6925]","micro_f1: 0.7008 ± 0.0254 [0.7175, 0.72, 0.665]","micro_f1: 0.7158 ± 0.0096 [0.72, 0.725, 0.7025]"
"macro_f1: 0.6006 ± 0.0066 [0.5937713285907564, 0.5984468192688268, 0.6094825311161427]","macro_f1: 0.5953 ± 0.0055 [0.5889424471223522, 0.60235290948323, 0.594611662846957]","macro_f1: 0.5985 ± 0.0070 [0.5899651787765935, 0.5986161765941813, 0.6070179045820348]","macro_f1: 0.5959 ± 0.0168 [0.6167079423626451, 0.5952559491051785, 0.5756419626033693]","macro_f1: 0.6111 ± 0.0024 [0.6121575493880063, 0.6134057973242346, 0.6077531837950687]","macro_f1: 0.6004 ± 0.0069 [0.6021851467029278, 0.6078592120370503, 0.5912907069701495]","macro_f1: 0.5869 ± 0.0112 [0.6025970062753702, 0.577271564219782, 0.5809737999837087]","macro_f1: 0.6098 ± 0.0066 [0.6180061877080857, 0.6095583985841544, 0.6018765570183031]","macro_f1: 0.5910 ± 0.0099 [0.5951571186420768, 0.6005904882792321, 0.5773645810595702]","macro_f1: 0.5895 ± 0.0105 [0.5746229845840638, 0.5974882060204562, 0.5963924015882822]","macro_f1: 0.5922 ± 0.0071 [0.5925675602292803, 0.5832789651569599, 0.6006756273116063]","macro_f1: 0.5988 ± 0.0129 [0.5812766110395725, 0.603069373659459, 0.6119711813194741]","macro_f1: 0.6303 ± 0.0125 [0.6478100648362929, 0.6196324971887368, 0.6233506603921484]","macro_f1: 0.6235 ± 0.0219 [0.6368870636495183, 0.640987466095921, 0.5926922115350274]","macro_f1: 0.6291 ± 0.0125 [0.633786067128036, 0.6415370516925243, 0.611954943393499]"
"weighted_f1: 0.6857 ± 0.0082 [0.6756353988774477, 0.6855310683530759, 0.6958346419150828]","weighted_f1: 0.6817 ± 0.0023 [0.6798821099328721, 0.6849740802584104, 0.6803208556149732]","weighted_f1: 0.6830 ± 0.0072 [0.6729867540664418, 0.6866815984001811, 0.6893863763168895]","weighted_f1: 0.6692 ± 0.0118 [0.6832414020225767, 0.6701335612549131, 0.6542808786467945]","weighted_f1: 0.6853 ± 0.0047 [0.6829178091282659, 0.6918133320260673, 0.6811693935112784]","weighted_f1: 0.6813 ± 0.0073 [0.6783041412327812, 0.6913585077478547, 0.6743851230070742]","weighted_f1: 0.6752 ± 0.0095 [0.6884217694543782, 0.6662442007621298, 0.6710533913308977]","weighted_f1: 0.6773 ± 0.0095 [0.6907523867638714, 0.6710565235688416, 0.6701270697307106]","weighted_f1: 0.6696 ± 0.0070 [0.6738052967511788, 0.6752128731106651, 0.6598061882733187]","weighted_f1: 0.6706 ± 0.0085 [0.6591662624693633, 0.6793195022573432, 0.6733802818411256]","weighted_f1: 0.6659 ± 0.0047 [0.6668339208179193, 0.6596823855914485, 0.6711721522391878]","weighted_f1: 0.6741 ± 0.0089 [0.6617122060323447, 0.6781396093785282, 0.6823775456192752]","weighted_f1: 0.6967 ± 0.0124 [0.714230050274506, 0.6879825683281275, 0.6877415059244055]","weighted_f1: 0.6925 ± 0.0234 [0.7064969531632328, 0.71161154780505, 0.6595132855019549]","weighted_f1: 0.7041 ± 0.0103 [0.7093887769182458, 0.7132679362691082, 0.6896417271979298]"
"accuracy: 0.6942 ± 0.0133 [0.6775, 0.695, 0.71]","accuracy: 0.6942 ± 0.0024 [0.6925, 0.6975, 0.6925]","accuracy: 0.6933 ± 0.0077 [0.6825, 0.6975, 0.7]","accuracy: 0.6817 ± 0.0112 [0.695, 0.6825, 0.6675]","accuracy: 0.6983 ± 0.0047 [0.695, 0.705, 0.695]","accuracy: 0.6908 ± 0.0085 [0.6875, 0.7025, 0.6825]","accuracy: 0.6833 ± 0.0092 [0.695, 0.6725, 0.6825]","accuracy: 0.6842 ± 0.0112 [0.7, 0.675, 0.6775]","accuracy: 0.6767 ± 0.0066 [0.6825, 0.68, 0.6675]","accuracy: 0.6800 ± 0.0094 [0.6675, 0.69, 0.6825]","accuracy: 0.6775 ± 0.0041 [0.6775, 0.6725, 0.6825]","accuracy: 0.6750 ± 0.0106 [0.66, 0.6825, 0.6825]","accuracy: 0.7025 ± 0.0141 [0.7225, 0.6925, 0.6925]","accuracy: 0.7008 ± 0.0254 [0.7175, 0.72, 0.665]","accuracy: 0.7158 ± 0.0096 [0.72, 0.725, 0.7025]"
,,,,,,,,,,,,,,
water_forest_biodiversity_nature:,water_forest_biodiversity_nature:,water_forest_biodiversity_nature:,water_forest_biodiversity_nature:,water_forest_biodiversity_nature:,water_forest_biodiversity_nature:,water_forest_biodiversity_nature:,water_forest_biodiversity_nature:,water_forest_biodiversity_nature:,water_forest_biodiversity_nature:,water_forest_biodiversity_nature:,water_forest_biodiversity_nature:,water_forest_biodiversity_nature:,water_forest_biodiversity_nature:,water_forest_biodiversity_nature:
"micro_f1: 0.9614 ± 0.0028 [0.9642612011439467, 0.962407231208373, 0.9575572519083969]","micro_f1: 0.9651 ± 0.0012 [0.963531669865643, 0.9663137632338787, 0.9653846153846154]","micro_f1: 0.9654 ± 0.0047 [0.9692307692307692, 0.9587727708533078, 0.9682386910490857]","micro_f1: 0.9737 ± 0.0011 [0.974903474903475, 0.9738625363020329, 0.9721955896452541]","micro_f1: 0.9673 ± 0.0033 [0.9632495164410058, 0.9673076923076923, 0.9712643678160919]","micro_f1: 0.9744 ± 0.0012 [0.9741626794258373, 0.9759846301633045, 0.9731285988483686]","micro_f1: 0.9736 ± 0.0009 [0.9742120343839542, 0.9742612011439467, 0.9723018147086915]","micro_f1: 0.9628 ± 0.0052 [0.9674329501915708, 0.9655172413793104, 0.9555984555984556]","micro_f1: 0.9733 ± 0.0017 [0.9749518304431599, 0.971042471042471, 0.9739130434782609]","micro_f1: 0.9654 ± 0.0082 [0.9769673704414588, 0.958614051973051, 0.9606903163950143]","micro_f1: 0.9683 ± 0.0011 [0.968054211035818, 0.9670542635658915, 0.9698149951314509]","micro_f1: 0.9687 ± 0.0012 [0.968421052631579, 0.9673704414587332, 0.9702209414024976]","micro_f1: 0.9721 ± 0.0008 [0.9731285988483686, 0.9720885466794995, 0.9710982658959537]","micro_f1: 0.9757 ± 0.0019 [0.9778633301251203, 0.9759384023099134, 0.9731800766283525]","micro_f1: 0.9522 ± 0.0086 [0.94716618635927, 0.9451395572666025, 0.9643201542912246]"
"macro_f1: 0.9598 ± 0.0035 [0.963588483861114, 0.9605871626064856, 0.955240144552806]","macro_f1: 0.9636 ± 0.0019 [0.9613536073642128, 0.9659768697393432, 0.963343183077289]","macro_f1: 0.9618 ± 0.0067 [0.9671176971429918, 0.9523657636759194, 0.965959632339452]","macro_f1: 0.9710 ± 0.0016 [0.9721348638519799, 0.972104027269228, 0.968704677421921]","macro_f1: 0.9651 ± 0.0034 [0.9610211305821768, 0.9649373736577871, 0.9692683495414838]","macro_f1: 0.9721 ± 0.0015 [0.9719965454459982, 0.973937775840295, 0.9702509581347138]","macro_f1: 0.9725 ± 0.0004 [0.9729986828838282, 0.9724521724164015, 0.9719719888386537]","macro_f1: 0.9592 ± 0.0051 [0.9644732923048052, 0.9608460851260467, 0.952328389627759]","macro_f1: 0.9722 ± 0.0011 [0.9732389610595855, 0.9705848618214142, 0.9726869945985281]","macro_f1: 0.9625 ± 0.0094 [0.9754184804773923, 0.953281685969132, 0.9588267758493192]","macro_f1: 0.9676 ± 0.0008 [0.9668880448244412, 0.9672781561172991, 0.9687235242287964]","macro_f1: 0.9650 ± 0.0019 [0.9655640609118121, 0.9624287472094566, 0.9670935945572308]","macro_f1: 0.9706 ± 0.0010 [0.9719084916575325, 0.9701989429508733, 0.9696212167484031]","macro_f1: 0.9732 ± 0.0015 [0.9752937507713514, 0.9726821149154617, 0.9717483526029201]","macro_f1: 0.9442 ± 0.0116 [0.9380079193719375, 0.9341343030680118, 0.9605538499990047]"
"weighted_f1: 0.9614 ± 0.0028 [0.9642618932532172, 0.9624101141962598, 0.9575287525326215]","weighted_f1: 0.9650 ± 0.0012 [0.9634718254403869, 0.9663119837263121, 0.9653469060088775]","weighted_f1: 0.9654 ± 0.0048 [0.9692177719606454, 0.9586501488690182, 0.9682201332024364]","weighted_f1: 0.9736 ± 0.0011 [0.9748556503343667, 0.9738295151611076, 0.9721454100142825]","weighted_f1: 0.9673 ± 0.0033 [0.9632273984182614, 0.9672897171075602, 0.9712493599581768]","weighted_f1: 0.9744 ± 0.0012 [0.9741706458033625, 0.9759677462398227, 0.9730996886945611]","weighted_f1: 0.9736 ± 0.0009 [0.974208055483169, 0.9742193972121185, 0.9723041477518876]","weighted_f1: 0.9628 ± 0.0052 [0.9673493971415135, 0.9654292193636663, 0.9555821065397526]","weighted_f1: 0.9733 ± 0.0016 [0.9749280869097194, 0.9710342403014224, 0.9739045169206323]","weighted_f1: 0.9654 ± 0.0082 [0.9769226468156538, 0.9585131224690087, 0.9606958679555055]","weighted_f1: 0.9683 ± 0.0011 [0.9680668285256083, 0.9670230478816432, 0.9697760022484588]","weighted_f1: 0.9686 ± 0.0012 [0.968361715046567, 0.9673151612302167, 0.9701860233525506]","weighted_f1: 0.9721 ± 0.0008 [0.9731166162950272, 0.9720800696949096, 0.9710714674191933]","weighted_f1: 0.9756 ± 0.0019 [0.9777558142372551, 0.9758500870135008, 0.973095305112397]","weighted_f1: 0.9520 ± 0.0087 [0.9469452474031607, 0.9448436626905309, 0.9642371430539668]"
,,,,,,,,,,,,,,
wximpactbench:,wximpactbench:,wximpactbench:,wximpactbench:,wximpactbench:,wximpactbench:,wximpactbench:,wximpactbench:,wximpactbench:,wximpactbench:,wximpactbench:,wximpactbench:,wximpactbench:,wximpactbench:,wximpactbench:
"micro_f1: 0.5025 ± 0.0471 [0.48863636363636365, 0.5581990521327014, 0.47058823529411764]","micro_f1: 0.4803 ± 0.0437 [0.4606741573033708, 0.5408163265306123, 0.4393063583815029]","micro_f1: 0.5337 ± 0.0103 [0.5212765957446809, 0.5463917525773195, 0.5333333333333333]","micro_f1: 0.4661 ± 0.0358 [0.4581005586592179, 0.5133689839572193, 0.4268292682926829]","micro_f1: 0.5199 ± 0.0093 [0.5212765957446809, 0.5306122448979592, 0.5079365079365079]","micro_f1: 0.4997 ± 0.0228 [0.49162011173184356, 0.5308056872037915, 0.47674418604651164]","micro_f1: 0.5320 ± 0.0227 [0.5355191256830601, 0.5578947368421052, 0.5027322404371585]","micro_f1: 0.4940 ± 0.0215 [0.46511627906976744, 0.5, 0.5168539325842697]","micro_f1: 0.4842 ± 0.0507 [0.430939226519337, 0.5523809523809524, 0.4692737430167598]","micro_f1: 0.4766 ± 0.0675 [0.5084745762711864, 0.5384615384615384, 0.38271604938271603]","micro_f1: 0.5010 ± 0.0363 [0.4659090909090909, 0.5510204081632653, 0.4861878453038674]","micro_f1: 0.4761 ± 0.0496 [0.4745762711864407, 0.5376344086021505, 0.4161849710982659]","micro_f1: 0.4811 ± 0.0271 [0.44970414201183434, 0.5157894736842106, 0.4777777777777778]","micro_f1: 0.5172 ± 0.0393 [0.5523809523809524, 0.5368421052631579, 0.4624277456647399]","micro_f1: 0.5185 ± 0.0452 [0.5510204081632653, 0.55, 0.45454545454545453]"
"macro_f1: 0.2039 ± 0.0499 [0.1657329598506069, 0.27432659932659936, 0.17149122807017544]","macro_f1: 0.1947 ± 0.0399 [0.1670792079207921, 0.25105263157894736, 0.16594516594516595]","macro_f1: 0.2697 ± 0.0327 [0.24526477257569693, 0.31587894795998656, 0.2478736520124226]","macro_f1: 0.2032 ± 0.0444 [0.1986431373851066, 0.25962121212121214, 0.15120772946859903]","macro_f1: 0.2498 ± 0.0236 [0.2823832280821528, 0.23948790227859995, 0.22753246753246756]","macro_f1: 0.2002 ± 0.0211 [0.19718729242538768, 0.22742307932347253, 0.17603873789440802]","macro_f1: 0.2461 ± 0.0373 [0.23097643097643097, 0.2974734988076407, 0.20993788819875778]","macro_f1: 0.2240 ± 0.0247 [0.19451501530844895, 0.22247918593894542, 0.2548632172288086]","macro_f1: 0.2337 ± 0.0510 [0.17050329002165585, 0.2954129204129204, 0.23506557958170862]","macro_f1: 0.1895 ± 0.0529 [0.23056751194295325, 0.223041223041223, 0.11481481481481481]","macro_f1: 0.1970 ± 0.0718 [0.14460135333921742, 0.29855053308661555, 0.1478675645342312]","macro_f1: 0.1924 ± 0.0521 [0.1844032158317873, 0.2597517730496454, 0.132996632996633]","macro_f1: 0.2097 ± 0.0541 [0.15933528836754643, 0.28479715485160134, 0.1848433682540901]","macro_f1: 0.2435 ± 0.0590 [0.27469135802469136, 0.2949404761904762, 0.16099773242630386]","macro_f1: 0.2399 ± 0.0621 [0.2711160004889378, 0.2953625894802366, 0.1531903190319032]"
"weighted_f1: 0.3932 ± 0.0511 [0.3554644998495266, 0.4654436931296435, 0.35882992605480646]","weighted_f1: 0.3738 ± 0.0487 [0.34397757957613945, 0.4424793388429752, 0.3349432936209796]","weighted_f1: 0.4445 ± 0.0201 [0.42610597958191543, 0.4724345284927503, 0.4350955855410013]","weighted_f1: 0.3754 ± 0.0422 [0.36894734119786077, 0.4300037565740045, 0.3271529524493951]","weighted_f1: 0.4262 ± 0.0196 [0.4518739976217982, 0.42247770808216695, 0.40430181388859077]","weighted_f1: 0.3818 ± 0.0167 [0.38461752511339287, 0.400785441176243, 0.3601121550341964]","weighted_f1: 0.4333 ± 0.0322 [0.42447616662492693, 0.47630799904404236, 0.39901442431086703]","weighted_f1: 0.3923 ± 0.0377 [0.3457733660444766, 0.3928639689299011, 0.4381897021193209]","weighted_f1: 0.4012 ± 0.0477 [0.3428618851731159, 0.45964985427795346, 0.4011270840596354]","weighted_f1: 0.3677 ± 0.0629 [0.41738421644949314, 0.4066982083511009, 0.27897153351698806]","weighted_f1: 0.3806 ± 0.0656 [0.330308622613846, 0.4733376589046692, 0.33824470601330103]","weighted_f1: 0.3730 ± 0.0602 [0.3675131480090158, 0.4493142254264111, 0.3021120293847566]","weighted_f1: 0.3851 ± 0.0455 [0.34356898766389565, 0.4484050354908749, 0.3634083368985636]","weighted_f1: 0.4179 ± 0.0524 [0.4511784511784511, 0.4586629279811098, 0.34395907123179853]","weighted_f1: 0.4225 ± 0.0629 [0.4628462846284629, 0.47110138821368763, 0.33364700106374273]"