Merge_CMB_MARK_CX_LRD_CMB_FWEdu_V2_CX_LRD_CMB_WX_SYN_CX_LRD,DARE_TIES_D05_CMB_MARK_CX_LRD_CMB_FWEdu_V2_CX_LRD_CMB_WX_SYN_CX_LRD,DARE_TIES_D07_CMB_MARK_CX_LRD_CMB_FWEdu_V2_CX_LRD_CMB_WX_SYN_CX_LRD,TA_Lambda05_CMB_MARK_CX_LRD_CMB_FWEdu_V2_CX_LRD_CMB_WX_SYN_CX_LRD,TA_Lambda10_CMB_MARK_CX_LRD_CMB_FWEdu_V2_CX_LRD_CMB_WX_SYN_CX_LRD,TIES_D05_CMB_MARK_CX_LRD_CMB_FWEdu_V2_CX_LRD_CMB_WX_SYN_CX_LRD,TIES_D07_CMB_MARK_CX_LRD_CMB_FWEdu_V2_CX_LRD_CMB_WX_SYN_CX_LRD
clim_retrieve:,clim_retrieve:,clim_retrieve:,clim_retrieve:,clim_retrieve:,clim_retrieve:,clim_retrieve:
"precision: 0.9146 ± 0.0084 [0.9259259259259259, 0.9122807017543859, 0.9056603773584906]","precision: 0.9455 ± 0.0135 [0.9615384615384616, 0.9285714285714286, 0.9464285714285714]","precision: 0.9181 ± 0.0204 [0.9454545454545454, 0.9122807017543859, 0.896551724137931]","precision: 0.8828 ± 0.0313 [0.9137931034482759, 0.8947368421052632, 0.84]","precision: 0.8927 ± 0.0067 [0.896551724137931, 0.8983050847457628, 0.8833333333333333]","precision: 0.8995 ± 0.0130 [0.9166666666666666, 0.8852459016393442, 0.896551724137931]","precision: 0.9023 ± 0.0293 [0.9137931034482759, 0.8620689655172413, 0.9310344827586207]"
"recall: 0.7692 ± 0.0251 [0.7692307692307693, 0.8, 0.7384615384615385]","recall: 0.7949 ± 0.0192 [0.7692307692307693, 0.8, 0.8153846153846154]","recall: 0.8000 ± 0.0000 [0.8, 0.8, 0.8]","recall: 0.7487 ± 0.0736 [0.8153846153846154, 0.7846153846153846, 0.6461538461538462]","recall: 0.8103 ± 0.0073 [0.8, 0.8153846153846154, 0.8153846153846154]","recall: 0.8256 ± 0.0192 [0.8461538461538461, 0.8307692307692308, 0.8]","recall: 0.8051 ± 0.0261 [0.8153846153846154, 0.7692307692307693, 0.8307692307692308]"
"f1: 0.8355 ± 0.0163 [0.8403361344537815, 0.8524590163934426, 0.8135593220338984]","f1: 0.8634 ± 0.0091 [0.8547008547008547, 0.859504132231405, 0.8760330578512396]","f1: 0.8549 ± 0.0088 [0.8666666666666667, 0.8524590163934426, 0.8455284552845529]","f1: 0.8094 ± 0.0568 [0.8617886178861789, 0.8360655737704918, 0.7304347826086957]","f1: 0.8495 ± 0.0039 [0.8455284552845529, 0.8548387096774194, 0.848]","f1: 0.8609 ± 0.0143 [0.88, 0.8571428571428571, 0.8455284552845529]","f1: 0.8509 ± 0.0276 [0.8617886178861789, 0.8130081300813008, 0.8780487804878049]"
"accuracy: 0.9959 ± 0.0004 [0.9960350584307178, 0.9962437395659433, 0.9954090150250418]","accuracy: 0.9966 ± 0.0002 [0.9964524207011686, 0.9964524207011686, 0.9968697829716193]","accuracy: 0.9963 ± 0.0003 [0.996661101836394, 0.9962437395659433, 0.9960350584307178]","accuracy: 0.9953 ± 0.0013 [0.9964524207011686, 0.9958263772954925, 0.9935308848080133]","accuracy: 0.9961 ± 0.0001 [0.9960350584307178, 0.9962437395659433, 0.9960350584307178]","accuracy: 0.9964 ± 0.0004 [0.9968697829716193, 0.9962437395659433, 0.9960350584307178]","accuracy: 0.9962 ± 0.0007 [0.9964524207011686, 0.9952003338898163, 0.9968697829716193]"
"map: 0.5066 ± 0.0095 [0.5192230377227859, 0.4961805154396473, 0.5044200742608773]","map: 0.5027 ± 0.0067 [0.4939829597112621, 0.5103478276773731, 0.5038155167891152]","map: 0.5036 ± 0.0134 [0.5170014472965463, 0.4852948230478609, 0.5083848102831474]","map: 0.5032 ± 0.0059 [0.5050416373168743, 0.5093279569144517, 0.4952342817802124]","map: 0.4861 ± 0.0037 [0.4909029037599718, 0.4855535464612035, 0.4818238897383536]","map: 0.4925 ± 0.0113 [0.5012558636955281, 0.4765695925227957, 0.4996539095618112]","map: 0.4981 ± 0.0034 [0.5028297097157582, 0.4954016558115749, 0.49593774347477937]"
"map@5: 0.4300 ± 0.0121 [0.4436577311577311, 0.4142288267288267, 0.4321192696192696]","map@5: 0.4316 ± 0.0082 [0.42122183372183375, 0.44115190365190365, 0.43229409479409475]","map@5: 0.4269 ± 0.0118 [0.44173465423465424, 0.4128885003885004, 0.4260586635586635]","map@5: 0.4257 ± 0.0045 [0.42897241647241646, 0.4289141414141414, 0.4192987567987568]","map@5: 0.4100 ± 0.0025 [0.4135295260295261, 0.4085761460761461, 0.4077602952602953]","map@5: 0.4205 ± 0.0085 [0.43054584304584304, 0.40968337218337214, 0.42122183372183375]","map@5: 0.4277 ± 0.0042 [0.4321192696192696, 0.42215423465423463, 0.42897241647241646]"
"map@10: 0.4918 ± 0.0091 [0.5046048087714754, 0.48398684648684653, 0.48678637334887337]","map@10: 0.4880 ± 0.0119 [0.4713909354534354, 0.4990051615051615, 0.49345931845931845]","map@10: 0.4895 ± 0.0119 [0.5017676767676768, 0.4733488733488734, 0.49352561019227686]","map@10: 0.4864 ± 0.0113 [0.49067182817182814, 0.49756493506493504, 0.4708142590434257]","map@10: 0.4738 ± 0.0020 [0.4722083472083472, 0.47663833080499746, 0.47267871017871016]","map@10: 0.4793 ± 0.0116 [0.49219777136443804, 0.4640886890886891, 0.48156257322923995]","map@10: 0.4862 ± 0.0049 [0.4918664668664669, 0.47998154623154626, 0.4868256743256743]"
"ndcg: 0.5175 ± 0.0041 [0.5191713273532504, 0.5215329201048537, 0.511820439519478]","ndcg: 0.5135 ± 0.0020 [0.5156310464357716, 0.514064531165415, 0.5109304296996214]","ndcg: 0.5091 ± 0.0079 [0.5201886958959955, 0.5041047595363529, 0.5029903044350004]","ndcg: 0.5092 ± 0.0048 [0.5117453332661327, 0.5024413528436678, 0.5134600490375785]","ndcg: 0.4996 ± 0.0062 [0.5080874324574434, 0.4936572113617718, 0.4969738612344577]","ndcg: 0.4997 ± 0.0083 [0.4987872532021075, 0.49002685741653246, 0.5102424954167487]","ndcg: 0.5090 ± 0.0036 [0.5127440319544871, 0.5102749524937469, 0.5041025672996999]"
"ndcg@5: 0.4756 ± 0.0013 [0.47376624009766755, 0.47589998701321967, 0.47700920688711407]","ndcg@5: 0.4770 ± 0.0024 [0.4790548182879296, 0.4782348959859392, 0.47369702728471996]","ndcg@5: 0.4734 ± 0.0104 [0.48569442230816634, 0.47423568040906317, 0.4601686321372908]","ndcg@5: 0.4680 ± 0.0085 [0.47626731104521536, 0.4562664916371889, 0.4715012762464815]","ndcg@5: 0.4560 ± 0.0060 [0.46351712715067883, 0.4488050907879761, 0.4556383127545267]","ndcg@5: 0.4635 ± 0.0069 [0.4606639618766503, 0.456856395504096, 0.4730697487547108]","ndcg@5: 0.4742 ± 0.0076 [0.48482349265945035, 0.46755073551527243, 0.4703106503845771]"
"ndcg@10: 0.4999 ± 0.0054 [0.5003966379959759, 0.5062122406043876, 0.4929604814010231]","ndcg@10: 0.4930 ± 0.0051 [0.48579549401263067, 0.49681809285172573, 0.49649691950533625]","ndcg@10: 0.4892 ± 0.0082 [0.5007300214816269, 0.48508739243407967, 0.4818940977518471]","ndcg@10: 0.4881 ± 0.0053 [0.49543509786220064, 0.48309826956393487, 0.485842277783152]","ndcg@10: 0.4816 ± 0.0031 [0.48349624483245407, 0.4771897849692578, 0.4841233581277863]","ndcg@10: 0.4810 ± 0.0080 [0.4827019134389709, 0.47047138103267083, 0.4898812290039932]","ndcg@10: 0.4906 ± 0.0023 [0.49323373950344584, 0.4907770564564204, 0.4876480547233062]"
,,,,,,
climate_commitments_actions:,climate_commitments_actions:,climate_commitments_actions:,climate_commitments_actions:,climate_commitments_actions:,climate_commitments_actions:,climate_commitments_actions:
"precision: 0.6576 ± 0.0332 [0.6176470588235294, 0.65625, 0.6990291262135923]","precision: 0.6500 ± 0.0182 [0.6538461538461539, 0.6260869565217392, 0.6701030927835051]","precision: 0.6679 ± 0.0036 [0.6703296703296703, 0.6704545454545454, 0.6627906976744186]","precision: 0.6753 ± 0.0127 [0.6605504587155964, 0.6739130434782609, 0.6914893617021277]","precision: 0.6657 ± 0.0028 [0.6638655462184874, 0.6697247706422018, 0.6636363636363637]","precision: 0.6572 ± 0.0019 [0.6565656565656566, 0.6551724137931034, 0.6597938144329897]","precision: 0.6637 ± 0.0045 [0.6634615384615384, 0.6693548387096774, 0.6583333333333333]"
"recall: 0.6735 ± 0.0433 [0.6428571428571429, 0.6428571428571429, 0.7346938775510204]","recall: 0.6973 ± 0.0293 [0.6938775510204082, 0.7346938775510204, 0.6632653061224489]","recall: 0.6020 ± 0.0167 [0.6224489795918368, 0.6020408163265306, 0.5816326530612245]","recall: 0.6769 ± 0.0428 [0.7346938775510204, 0.6326530612244898, 0.6632653061224489]","recall: 0.7653 ± 0.0289 [0.8061224489795918, 0.7448979591836735, 0.7448979591836735]","recall: 0.6973 ± 0.0555 [0.6632653061224489, 0.7755102040816326, 0.6530612244897959]","recall: 0.7857 ± 0.0601 [0.7040816326530612, 0.8469387755102041, 0.8061224489795918]"
"f1: 0.6653 ± 0.0370 [0.63, 0.6494845360824743, 0.7164179104477612]","f1: 0.6720 ± 0.0039 [0.6732673267326733, 0.676056338028169, 0.6666666666666666]","f1: 0.6332 ± 0.0106 [0.6455026455026455, 0.6344086021505376, 0.6195652173913043]","f1: 0.6751 ± 0.0176 [0.6956521739130435, 0.6526315789473685, 0.6770833333333334]","f1: 0.7118 ± 0.0116 [0.728110599078341, 0.7053140096618358, 0.7019230769230769]","f1: 0.6755 ± 0.0246 [0.6598984771573604, 0.7102803738317757, 0.6564102564102564]","f1: 0.7186 ± 0.0267 [0.6831683168316832, 0.7477477477477478, 0.7247706422018348]"
"accuracy: 0.7927 ± 0.0220 [0.76875, 0.7875, 0.821875]","accuracy: 0.7917 ± 0.0053 [0.79375, 0.784375, 0.796875]","accuracy: 0.7865 ± 0.0039 [0.790625, 0.7875, 0.78125]","accuracy: 0.8010 ± 0.0053 [0.803125, 0.79375, 0.80625]","accuracy: 0.8104 ± 0.0039 [0.815625, 0.809375, 0.80625]","accuracy: 0.7958 ± 0.0074 [0.790625, 0.80625, 0.790625]","accuracy: 0.8125 ± 0.0102 [0.8, 0.825, 0.8125]"
,,,,,,
climate_detection:,climate_detection:,climate_detection:,climate_detection:,climate_detection:,climate_detection:,climate_detection:
"precision: 0.9679 ± 0.0040 [0.9652996845425867, 0.9735973597359736, 0.9648562300319489]","precision: 0.9654 ± 0.0030 [0.9676375404530745, 0.9675324675324676, 0.9611650485436893]","precision: 0.9695 ± 0.0014 [0.9675324675324676, 0.9704918032786886, 0.9703947368421053]","precision: 0.9715 ± 0.0054 [0.9769736842105263, 0.9641693811074918, 0.973421926910299]","precision: 0.9616 ± 0.0062 [0.9558359621451105, 0.9588607594936709, 0.9701986754966887]","precision: 0.9818 ± 0.0039 [0.9766666666666667, 0.9826989619377162, 0.986013986013986]","precision: 0.9800 ± 0.0000 [0.9800664451827242, 0.98, 0.98]"
"recall: 0.9406 ± 0.0142 [0.95625, 0.921875, 0.94375]","recall: 0.9313 ± 0.0026 [0.934375, 0.93125, 0.928125]","recall: 0.9260 ± 0.0039 [0.93125, 0.925, 0.921875]","recall: 0.9229 ± 0.0053 [0.928125, 0.925, 0.915625]","recall: 0.9365 ± 0.0147 [0.946875, 0.946875, 0.915625]","recall: 0.8948 ± 0.0150 [0.915625, 0.8875, 0.88125]","recall: 0.9198 ± 0.0015 [0.921875, 0.91875, 0.91875]"
"f1: 0.9540 ± 0.0056 [0.9607535321821036, 0.9470304975922953, 0.9541864139020537]","f1: 0.9480 ± 0.0027 [0.9507154213036566, 0.9490445859872612, 0.9443561208267091]","f1: 0.9473 ± 0.0014 [0.9490445859872612, 0.9472, 0.9455128205128205]","f1: 0.9466 ± 0.0038 [0.9519230769230769, 0.9441786283891547, 0.9436392914653784]","f1: 0.9488 ± 0.0047 [0.9513343799058085, 0.9528301886792453, 0.9421221864951769]","f1: 0.9362 ± 0.0064 [0.9451612903225807, 0.9326765188834154, 0.9306930693069307]","f1: 0.9490 ± 0.0008 [0.9500805152979066, 0.9483870967741935, 0.9483870967741935]"
"accuracy: 0.9275 ± 0.0082 [0.9375, 0.9175, 0.9275]","accuracy: 0.9183 ± 0.0042 [0.9225, 0.92, 0.9125]","accuracy: 0.9175 ± 0.0020 [0.92, 0.9175, 0.915]","accuracy: 0.9167 ± 0.0059 [0.925, 0.9125, 0.9125]","accuracy: 0.9192 ± 0.0066 [0.9225, 0.925, 0.91]","accuracy: 0.9025 ± 0.0089 [0.915, 0.8975, 0.895]","accuracy: 0.9208 ± 0.0012 [0.9225, 0.92, 0.92]"
,,,,,,
climate_sentiment:,climate_sentiment:,climate_sentiment:,climate_sentiment:,climate_sentiment:,climate_sentiment:,climate_sentiment:
"micro_f1: 0.7854 ± 0.0141 [0.76875, 0.784375, 0.803125]","micro_f1: 0.8073 ± 0.0015 [0.80625, 0.80625, 0.809375]","micro_f1: 0.7687 ± 0.0155 [0.790625, 0.759375, 0.75625]","micro_f1: 0.7521 ± 0.0015 [0.75, 0.753125, 0.753125]","micro_f1: 0.7958 ± 0.0237 [0.7625, 0.809375, 0.815625]","micro_f1: 0.7896 ± 0.0078 [0.7875, 0.8, 0.78125]","micro_f1: 0.7771 ± 0.0106 [0.7625, 0.78125, 0.7875]"
"macro_f1: 0.7668 ± 0.0138 [0.7509942883866154, 0.7649435086108342, 0.7845554048694033]","macro_f1: 0.7829 ± 0.0011 [0.7827248871196497, 0.781656025134286, 0.784230060283365]","macro_f1: 0.7405 ± 0.0203 [0.7689751324592953, 0.7294222115814284, 0.7231921339964558]","macro_f1: 0.7101 ± 0.0023 [0.7079932143482685, 0.708885772691699, 0.7133061529785752]","macro_f1: 0.7696 ± 0.0309 [0.7259186560055423, 0.789194139194139, 0.7936075285496905]","macro_f1: 0.7706 ± 0.0070 [0.7686690751066783, 0.7799830358020013, 0.7632924111979834]","macro_f1: 0.7559 ± 0.0159 [0.7338601013833851, 0.7630534015289007, 0.7708573563954729]"
"weighted_f1: 0.7890 ± 0.0142 [0.7717407053034445, 0.7887986122629053, 0.8064840499306518]","weighted_f1: 0.8093 ± 0.0016 [0.8080316921432535, 0.8082924141076315, 0.8114977400536528]","weighted_f1: 0.7691 ± 0.0152 [0.7906127958579882, 0.7600647645356855, 0.7567456268221575]","weighted_f1: 0.7524 ± 0.0015 [0.7504464947277375, 0.7529492611601794, 0.7538874183374634]","weighted_f1: 0.7972 ± 0.0244 [0.7628961839332622, 0.8115161401098903, 0.8172455319549705]","weighted_f1: 0.7930 ± 0.0080 [0.7914845627503337, 0.8034266180568712, 0.784008630107057]","weighted_f1: 0.7790 ± 0.0102 [0.7648870252882347, 0.7833381970796898, 0.7888408372037156]"
"accuracy: 0.7854 ± 0.0141 [0.76875, 0.784375, 0.803125]","accuracy: 0.8073 ± 0.0015 [0.80625, 0.80625, 0.809375]","accuracy: 0.7687 ± 0.0155 [0.790625, 0.759375, 0.75625]","accuracy: 0.7521 ± 0.0015 [0.75, 0.753125, 0.753125]","accuracy: 0.7958 ± 0.0237 [0.7625, 0.809375, 0.815625]","accuracy: 0.7896 ± 0.0078 [0.7875, 0.8, 0.78125]","accuracy: 0.7771 ± 0.0106 [0.7625, 0.78125, 0.7875]"
,,,,,,
climate_specificity:,climate_specificity:,climate_specificity:,climate_specificity:,climate_specificity:,climate_specificity:,climate_specificity:
"precision: 0.8433 ± 0.0168 [0.8666666666666667, 0.8279569892473119, 0.8352941176470589]","precision: 0.8305 ± 0.0200 [0.8554216867469879, 0.8064516129032258, 0.8295454545454546]","precision: 0.8403 ± 0.0223 [0.8255813953488372, 0.8235294117647058, 0.8717948717948718]","precision: 0.8349 ± 0.0219 [0.8625, 0.8089887640449438, 0.8333333333333334]","precision: 0.8136 ± 0.0122 [0.8295454545454546, 0.8111111111111111, 0.8]","precision: 0.8149 ± 0.0121 [0.8, 0.8295454545454546, 0.8152173913043478]","precision: 0.8160 ± 0.0142 [0.8260869565217391, 0.8260869565217391, 0.7959183673469388]"
"recall: 0.6125 ± 0.0251 [0.6341463414634146, 0.6260162601626016, 0.5772357723577236]","recall: 0.5935 ± 0.0133 [0.5772357723577236, 0.6097560975609756, 0.5934959349593496]","recall: 0.5664 ± 0.0101 [0.5772357723577236, 0.5691056910569106, 0.5528455284552846]","recall: 0.5718 ± 0.0101 [0.5609756097560976, 0.5853658536585366, 0.5691056910569106]","recall: 0.5908 ± 0.0038 [0.5934959349593496, 0.5934959349593496, 0.5853658536585366]","recall: 0.5962 ± 0.0101 [0.5853658536585366, 0.5934959349593496, 0.6097560975609756]","recall: 0.6233 ± 0.0077 [0.6178861788617886, 0.6178861788617886, 0.6341463414634146]"
"f1: 0.7093 ± 0.0205 [0.7323943661971831, 0.7129629629629629, 0.6826923076923077]","f1: 0.6919 ± 0.0021 [0.6893203883495146, 0.6944444444444444, 0.6919431279620853]","f1: 0.6764 ± 0.0026 [0.6794258373205742, 0.6730769230769231, 0.6766169154228856]","f1: 0.6785 ± 0.0015 [0.6798029556650246, 0.6792452830188679, 0.6763285024154589]","f1: 0.6845 ± 0.0065 [0.6919431279620853, 0.6854460093896714, 0.676056338028169]","f1: 0.6886 ± 0.0091 [0.676056338028169, 0.6919431279620853, 0.6976744186046512]","f1: 0.7066 ± 0.0005 [0.7069767441860465, 0.7069767441860465, 0.7058823529411765]"
"accuracy: 0.8073 ± 0.0115 [0.821875, 0.80625, 0.79375]","accuracy: 0.7969 ± 0.0026 [0.8, 0.79375, 0.796875]","accuracy: 0.7917 ± 0.0039 [0.790625, 0.7875, 0.796875]","accuracy: 0.7917 ± 0.0039 [0.796875, 0.7875, 0.790625]","accuracy: 0.7906 ± 0.0051 [0.796875, 0.790625, 0.784375]","accuracy: 0.7927 ± 0.0059 [0.784375, 0.796875, 0.796875]","accuracy: 0.8010 ± 0.0029 [0.803125, 0.803125, 0.796875]"
,,,,,,
environmental_claims:,environmental_claims:,environmental_claims:,environmental_claims:,environmental_claims:,environmental_claims:,environmental_claims:
"precision: 0.8300 ± 0.0223 [0.8142857142857143, 0.8142857142857143, 0.8615384615384616]","precision: 0.8169 ± 0.0000 [0.8169014084507042, 0.8169014084507042, 0.8169014084507042]","precision: 0.8507 ± 0.0000 [0.8507462686567164, 0.8507462686567164, 0.8507462686567164]","precision: 0.8056 ± 0.0000 [0.8055555555555556, 0.8055555555555556, 0.8055555555555556]","precision: 0.8088 ± 0.0000 [0.8088235294117647, 0.8088235294117647, 0.8088235294117647]","precision: 0.7763 ± 0.0000 [0.7763157894736842, 0.7763157894736842, 0.7763157894736842]","precision: 0.8143 ± 0.0000 [0.8142857142857143, 0.8142857142857143, 0.8142857142857143]"
"recall: 0.8458 ± 0.0070 [0.8507462686567164, 0.8507462686567164, 0.835820895522388]","recall: 0.8657 ± 0.0000 [0.8656716417910447, 0.8656716417910447, 0.8656716417910447]","recall: 0.8507 ± 0.0000 [0.8507462686567164, 0.8507462686567164, 0.8507462686567164]","recall: 0.8657 ± 0.0000 [0.8656716417910447, 0.8656716417910447, 0.8656716417910447]","recall: 0.8209 ± 0.0000 [0.8208955223880597, 0.8208955223880597, 0.8208955223880597]","recall: 0.8806 ± 0.0000 [0.8805970149253731, 0.8805970149253731, 0.8805970149253731]","recall: 0.8507 ± 0.0000 [0.8507462686567164, 0.8507462686567164, 0.8507462686567164]"
"f1: 0.8376 ± 0.0077 [0.8321167883211679, 0.8321167883211679, 0.8484848484848485]","f1: 0.8406 ± 0.0000 [0.8405797101449275, 0.8405797101449275, 0.8405797101449275]","f1: 0.8507 ± 0.0000 [0.8507462686567164, 0.8507462686567164, 0.8507462686567164]","f1: 0.8345 ± 0.0000 [0.8345323741007195, 0.8345323741007195, 0.8345323741007195]","f1: 0.8148 ± 0.0000 [0.8148148148148148, 0.8148148148148148, 0.8148148148148148]","f1: 0.8252 ± 0.0000 [0.8251748251748252, 0.8251748251748252, 0.8251748251748252]","f1: 0.8321 ± 0.0000 [0.8321167883211679, 0.8321167883211679, 0.8321167883211679]"
"accuracy: 0.9170 ± 0.0053 [0.9132075471698113, 0.9132075471698113, 0.9245283018867925]","accuracy: 0.9170 ± 0.0000 [0.9169811320754717, 0.9169811320754717, 0.9169811320754717]","accuracy: 0.9245 ± 0.0000 [0.9245283018867925, 0.9245283018867925, 0.9245283018867925]","accuracy: 0.9132 ± 0.0000 [0.9132075471698113, 0.9132075471698113, 0.9132075471698113]","accuracy: 0.9057 ± 0.0000 [0.9056603773584906, 0.9056603773584906, 0.9056603773584906]","accuracy: 0.9057 ± 0.0000 [0.9056603773584906, 0.9056603773584906, 0.9056603773584906]","accuracy: 0.9132 ± 0.0000 [0.9132075471698113, 0.9132075471698113, 0.9132075471698113]"
,,,,,,
netzero_reduction:,netzero_reduction:,netzero_reduction:,netzero_reduction:,netzero_reduction:,netzero_reduction:,netzero_reduction:
"micro_f1: 0.9913 ± 0.0000 [0.9912917271407837, 0.9912917271407837, 0.9912917271407837]","micro_f1: 0.9908 ± 0.0014 [0.9898403483309144, 0.9927431059506531, 0.9898403483309144]","micro_f1: 0.9913 ± 0.0012 [0.9927431059506531, 0.9898403483309144, 0.9912917271407837]","micro_f1: 0.9927 ± 0.0000 [0.9927431059506531, 0.9927431059506531, 0.9927431059506531]","micro_f1: 0.9932 ± 0.0007 [0.9941944847605225, 0.9927431059506531, 0.9927431059506531]","micro_f1: 0.9918 ± 0.0007 [0.9927431059506531, 0.9912917271407837, 0.9912917271407837]","micro_f1: 0.9923 ± 0.0014 [0.9912917271407837, 0.9941944847605225, 0.9912917271407837]"
"macro_f1: 0.9892 ± 0.0000 [0.9891860465116279, 0.9891860465116279, 0.9891860465116279]","macro_f1: 0.9886 ± 0.0017 [0.9873982825078579, 0.9909846375315355, 0.9873982825078579]","macro_f1: 0.9892 ± 0.0015 [0.9909846375315355, 0.9873887617594711, 0.9891860465116279]","macro_f1: 0.9910 ± 0.0000 [0.9909846375315355, 0.9909846375315355, 0.9909846375315355]","macro_f1: 0.9916 ± 0.0008 [0.9927906976744186, 0.9909846375315355, 0.9909919726853365]","macro_f1: 0.9898 ± 0.0008 [0.9909846375315355, 0.9891860465116279, 0.9891860465116279]","macro_f1: 0.9904 ± 0.0017 [0.9891860465116279, 0.9927906976744186, 0.9891860465116279]"
"weighted_f1: 0.9913 ± 0.0000 [0.9912881830762481, 0.9912881830762481, 0.9912881830762481]","weighted_f1: 0.9908 ± 0.0014 [0.9898421920673797, 0.9927385157513533, 0.9898421920673797]","weighted_f1: 0.9913 ± 0.0012 [0.9927385157513533, 0.9898383555911296, 0.9912881830762481]","weighted_f1: 0.9927 ± 0.0000 [0.9927385157513533, 0.9927385157513533, 0.9927385157513533]","weighted_f1: 0.9932 ± 0.0007 [0.994192122050832, 0.9927385157513533, 0.9927416825650927]","weighted_f1: 0.9918 ± 0.0007 [0.9927385157513533, 0.9912881830762481, 0.9912881830762481]","weighted_f1: 0.9923 ± 0.0014 [0.9912881830762481, 0.994192122050832, 0.9912881830762481]"
"accuracy: 0.9913 ± 0.0000 [0.9912917271407837, 0.9912917271407837, 0.9912917271407837]","accuracy: 0.9908 ± 0.0014 [0.9898403483309144, 0.9927431059506531, 0.9898403483309144]","accuracy: 0.9913 ± 0.0012 [0.9927431059506531, 0.9898403483309144, 0.9912917271407837]","accuracy: 0.9927 ± 0.0000 [0.9927431059506531, 0.9927431059506531, 0.9927431059506531]","accuracy: 0.9932 ± 0.0007 [0.9941944847605225, 0.9927431059506531, 0.9927431059506531]","accuracy: 0.9918 ± 0.0007 [0.9927431059506531, 0.9912917271407837, 0.9912917271407837]","accuracy: 0.9923 ± 0.0014 [0.9912917271407837, 0.9941944847605225, 0.9912917271407837]"
,,,,,,
tcfd_recommendations:,tcfd_recommendations:,tcfd_recommendations:,tcfd_recommendations:,tcfd_recommendations:,tcfd_recommendations:,tcfd_recommendations:
"micro_f1: 0.7158 ± 0.0131 [0.7225, 0.7275, 0.6975]","micro_f1: 0.6717 ± 0.0072 [0.68, 0.6725, 0.6625]","micro_f1: 0.6933 ± 0.0085 [0.685, 0.705, 0.69]","micro_f1: 0.6858 ± 0.0164 [0.705, 0.6875, 0.665]","micro_f1: 0.7000 ± 0.0020 [0.7, 0.6975, 0.7025]","micro_f1: 0.6900 ± 0.0041 [0.69, 0.685, 0.695]","micro_f1: 0.6758 ± 0.0112 [0.6825, 0.66, 0.685]"
"macro_f1: 0.6410 ± 0.0222 [0.6501872589287949, 0.6623270073887044, 0.6104323285888281]","macro_f1: 0.5784 ± 0.0131 [0.5904033314522652, 0.5845067108835569, 0.560161412803412]","macro_f1: 0.6155 ± 0.0103 [0.6017170657253244, 0.6264140341636402, 0.6184483760333008]","macro_f1: 0.6034 ± 0.0239 [0.6314923705289616, 0.6055482661668229, 0.5731111688661719]","macro_f1: 0.6134 ± 0.0065 [0.615557826873182, 0.6046428975769216, 0.6200497498103855]","macro_f1: 0.6140 ± 0.0057 [0.6179792981271145, 0.6059495979495979, 0.6181097844146998]","macro_f1: 0.5965 ± 0.0112 [0.6023329347369056, 0.5808853320692926, 0.6062631427544488]"
"weighted_f1: 0.7076 ± 0.0148 [0.7138284617735691, 0.721819499225283, 0.6872318712903847]","weighted_f1: 0.6623 ± 0.0072 [0.6699127377481626, 0.6643466336231327, 0.652597772659368]","weighted_f1: 0.6853 ± 0.0071 [0.6772380953413552, 0.6944372827579356, 0.6842184450039827]","weighted_f1: 0.6800 ± 0.0164 [0.6980856473308998, 0.6836777569509528, 0.6583049274692695]","weighted_f1: 0.6879 ± 0.0030 [0.686717980973347, 0.684983517964024, 0.6919292846781121]","weighted_f1: 0.6828 ± 0.0036 [0.6833972040029151, 0.6780842182842183, 0.6867761741607241]","weighted_f1: 0.6703 ± 0.0074 [0.6740622157356647, 0.6599557849762143, 0.6767481065866712]"
"accuracy: 0.7158 ± 0.0131 [0.7225, 0.7275, 0.6975]","accuracy: 0.6717 ± 0.0072 [0.68, 0.6725, 0.6625]","accuracy: 0.6933 ± 0.0085 [0.685, 0.705, 0.69]","accuracy: 0.6858 ± 0.0164 [0.705, 0.6875, 0.665]","accuracy: 0.7000 ± 0.0020 [0.7, 0.6975, 0.7025]","accuracy: 0.6900 ± 0.0041 [0.69, 0.685, 0.695]","accuracy: 0.6758 ± 0.0112 [0.6825, 0.66, 0.685]"
,,,,,,
water_forest_biodiversity_nature:,water_forest_biodiversity_nature:,water_forest_biodiversity_nature:,water_forest_biodiversity_nature:,water_forest_biodiversity_nature:,water_forest_biodiversity_nature:,water_forest_biodiversity_nature:
"micro_f1: 0.9750 ± 0.0008 [0.9758919961427194, 0.9740134744947064, 0.9751434034416826]","micro_f1: 0.9719 ± 0.0025 [0.968421052631579, 0.9741626794258373, 0.9732313575525813]","micro_f1: 0.9718 ± 0.0018 [0.9742612011439467, 0.9701636188642926, 0.9710982658959537]","micro_f1: 0.9645 ± 0.0034 [0.9692898272552783, 0.9612403100775194, 0.9631067961165048]","micro_f1: 0.9737 ± 0.0016 [0.9720347155255545, 0.9731285988483686, 0.9759384023099134]","micro_f1: 0.9689 ± 0.0100 [0.9750479846449136, 0.9548511047070125, 0.9769230769230769]","micro_f1: 0.9714 ± 0.0097 [0.9778206364513018, 0.9787644787644788, 0.9576923076923077]"
"macro_f1: 0.9731 ± 0.0007 [0.9732216655176679, 0.9722058384148842, 0.9739355289744329]","macro_f1: 0.9712 ± 0.0022 [0.968212031951661, 0.9734688651196473, 0.9718612815539458]","macro_f1: 0.9696 ± 0.0028 [0.9735500772678988, 0.9669097045482382, 0.9684398947881059]","macro_f1: 0.9583 ± 0.0051 [0.9654299583387752, 0.9536758979492344, 0.9556923943089488]","macro_f1: 0.9710 ± 0.0019 [0.9685188397930069, 0.9712075883597063, 0.9732342119899745]","macro_f1: 0.9653 ± 0.0122 [0.9723345350859999, 0.9480902708620904, 0.9753804211619492]","macro_f1: 0.9671 ± 0.0128 [0.9753573522540593, 0.9768898735501343, 0.9489353019752556]"
"weighted_f1: 0.9749 ± 0.0008 [0.9757808229872557, 0.9738970669805612, 0.9751125497160862]","weighted_f1: 0.9719 ± 0.0025 [0.9684103586932176, 0.9741550172239771, 0.9731974471407915]","weighted_f1: 0.9718 ± 0.0018 [0.9742456651701416, 0.9700882159652775, 0.9710262636219014]","weighted_f1: 0.9643 ± 0.0036 [0.9692262034114514, 0.960932663477147, 0.9627954350613226]","weighted_f1: 0.9737 ± 0.0016 [0.9719963184834127, 0.9730911585114894, 0.9758898227561985]","weighted_f1: 0.9689 ± 0.0100 [0.9750212763338768, 0.9549025443077526, 0.9769118263120522]","weighted_f1: 0.9714 ± 0.0097 [0.9777986900816275, 0.9787499101964328, 0.9576809087607828]"
,,,,,,
wximpactbench:,wximpactbench:,wximpactbench:,wximpactbench:,wximpactbench:,wximpactbench:,wximpactbench:
"micro_f1: 0.5446 ± 0.0169 [0.5517241379310345, 0.5607476635514018, 0.5212765957446809]","micro_f1: 0.5400 ± 0.0065 [0.5355191256830601, 0.5353535353535354, 0.5492227979274611]","micro_f1: 0.5314 ± 0.0387 [0.5181347150259067, 0.584070796460177, 0.4919786096256685]","micro_f1: 0.5310 ± 0.0400 [0.4861878453038674, 0.5833333333333334, 0.5235602094240838]","micro_f1: 0.5342 ± 0.0206 [0.5081081081081081, 0.5585585585585585, 0.5360824742268041]","micro_f1: 0.5350 ± 0.0074 [0.5446808510638298, 0.5333333333333333, 0.5268817204301075]","micro_f1: 0.5367 ± 0.0278 [0.5053763440860215, 0.5728643216080402, 0.5319148936170213]"
"macro_f1: 0.3368 ± 0.0529 [0.36198761286155, 0.38511102063423075, 0.2631519274376417]","macro_f1: 0.2685 ± 0.0225 [0.23872053872053875, 0.29321477173710847, 0.2734747760490335]","macro_f1: 0.2617 ± 0.0619 [0.2116067507371855, 0.3488809363084615, 0.22470574134004553]","macro_f1: 0.2484 ± 0.0595 [0.17307692307692304, 0.31863239852930575, 0.2533644045408125]","macro_f1: 0.2724 ± 0.0511 [0.22227053140096617, 0.3424523007856341, 0.25234025234025237]","macro_f1: 0.2851 ± 0.0172 [0.3079563429294527, 0.28060428849902536, 0.2666539391625302]","macro_f1: 0.2694 ± 0.0381 [0.22952380952380955, 0.3206657088122606, 0.25786399979948366]"
"weighted_f1: 0.4939 ± 0.0384 [0.5096182287969828, 0.5309610843972414, 0.44104683195592287]","weighted_f1: 0.4476 ± 0.0153 [0.42676350279656067, 0.4630101752875886, 0.4530945562088676]","weighted_f1: 0.4351 ± 0.0479 [0.40387199337971885, 0.5026852377684751, 0.39861468465175437]","weighted_f1: 0.4321 ± 0.0589 [0.3585505403687222, 0.5026263248551739, 0.4350781119167635]","weighted_f1: 0.4430 ± 0.0351 [0.40423763324949097, 0.489192893118513, 0.4356653447562539]","weighted_f1: 0.4582 ± 0.0092 [0.46903271012154857, 0.4592141510801797, 0.44649494002821083]","weighted_f1: 0.4513 ± 0.0344 [0.4136009445100354, 0.4968640163389379, 0.4433739192470197]"