,,,,,,,,,,,,,,,,,,,
CMB_FWEdu_V2_MARK_WX_SYN_ZYDA_CX_LRD_epoch5,CMB_MARK_CX_LRD_epoch5,CMB_WX_SYN_ZYDA_CX_epoch5,MB_CX_LAST_epoch5,,CMB_FWEdu_V2_MARK_WX_SYN_ZYDA_CX_LRD_epoch10,CMB_MARK_CX_LRD_epoch10,CMB_WX_SYN_ZYDA_CX_epoch10,MB_CX_LAST_epoch10,,CMB_FWEdu_V2_MARK_WX_SYN_ZYDA_CX_LRD_epoch15,CMB_MARK_CX_LRD_epoch15,CMB_WX_SYN_ZYDA_CX_epoch15,MB_CX_LAST_epoch15,,CMB_FWEdu_V2_MARK_WX_SYN_ZYDA_CX_LRD_epoch20,CMB_MARK_CX_LRD_epoch20,CMB_WX_SYN_ZYDA_CX_epoch20,MB_CX_LAST_epoch20,
clim_retrieve:,clim_retrieve:,clim_retrieve:,clim_retrieve:,,clim_retrieve:,clim_retrieve:,clim_retrieve:,clim_retrieve:,,clim_retrieve:,clim_retrieve:,clim_retrieve:,clim_retrieve:,,clim_retrieve:,clim_retrieve:,clim_retrieve:,clim_retrieve:,
"precision: 0.8005 ± 0.0257 [0.803921568627451, 0.8301886792452831, 0.7674418604651163]","precision: 0.8198 ± 0.0304 [0.8620689655172413, 0.8055555555555556, 0.7916666666666666]","precision: 0.8773 ± 0.0736 [0.7741935483870968, 0.9411764705882353, 0.9166666666666666]","precision: 0.8151 ± 0.1556 [0.9772727272727273, 0.8627450980392157, 0.6052631578947368]",,"precision: 0.9344 ± 0.0208 [0.9122807017543859, 0.9285714285714286, 0.9622641509433962]","precision: 0.9185 ± 0.0143 [0.9298245614035088, 0.8983050847457628, 0.9272727272727272]","precision: 0.9345 ± 0.0081 [0.9322033898305084, 0.9259259259259259, 0.9454545454545454]","precision: 0.9454 ± 0.0152 [0.9259259259259259, 0.9629629629629629, 0.9473684210526315]",,"precision: 0.9273 ± 0.0118 [0.9122807017543859, 0.9411764705882353, 0.9285714285714286]","precision: 0.9222 ± 0.0288 [0.9629629629629629, 0.9016393442622951, 0.9019607843137255]","precision: 0.9042 ± 0.0136 [0.8852459016393442, 0.9107142857142857, 0.9166666666666666]","precision: 0.9020 ± 0.0174 [0.8852459016393442, 0.8947368421052632, 0.9259259259259259]",,"precision: 0.9475 ± 0.0238 [0.9642857142857143, 0.9137931034482759, 0.9642857142857143]","precision: 0.9092 ± 0.0075 [0.9166666666666666, 0.9016393442622951]","precision: 0.9081 ± 0.0187 [0.8833333333333333, 0.9285714285714286, 0.9122807017543859]","precision: 0.9231 ± 0.0291 [0.896551724137931, 0.9636363636363636, 0.9090909090909091]",
"recall: 0.6051 ± 0.0714 [0.6307692307692307, 0.676923076923077, 0.5076923076923077]","recall: 0.3744 ± 0.0632 [0.38461538461538464, 0.4461538461538462, 0.2923076923076923]","recall: 0.7179 ± 0.0290 [0.7384615384615385, 0.7384615384615385, 0.676923076923077]","recall: 0.6821 ± 0.0192 [0.6615384615384615, 0.676923076923077, 0.7076923076923077]",,"recall: 0.7949 ± 0.0073 [0.8, 0.8, 0.7846153846153846]","recall: 0.8051 ± 0.0145 [0.8153846153846154, 0.8153846153846154, 0.7846153846153846]","recall: 0.8051 ± 0.0316 [0.8461538461538461, 0.7692307692307693, 0.8]","recall: 0.8000 ± 0.0251 [0.7692307692307693, 0.8, 0.8307692307692308]",,"recall: 0.7795 ± 0.0290 [0.8, 0.7384615384615385, 0.8]","recall: 0.7846 ± 0.0576 [0.8, 0.8461538461538461, 0.7076923076923077]","recall: 0.8205 ± 0.0261 [0.8307692307692308, 0.7846153846153846, 0.8461538461538461]","recall: 0.7949 ± 0.0261 [0.8307692307692308, 0.7846153846153846, 0.7692307692307693]",,"recall: 0.8256 ± 0.0073 [0.8307692307692308, 0.8153846153846154, 0.8307692307692308]","recall: 0.8462 ± 0.0000 [0.8461538461538461, 0.8461538461538461]","recall: 0.8051 ± 0.0073 [0.8153846153846154, 0.8, 0.8]","recall: 0.7436 ± 0.0909 [0.8, 0.8153846153846154, 0.6153846153846154]",
"f1: 0.6879 ± 0.0566 [0.7068965517241379, 0.7457627118644068, 0.6111111111111112]","f1: 0.5110 ± 0.0619 [0.5319148936170213, 0.5742574257425742, 0.42696629213483145]","f1: 0.7874 ± 0.0299 [0.7559055118110236, 0.8275862068965517, 0.7787610619469026]","f1: 0.7334 ± 0.0585 [0.7889908256880734, 0.7586206896551724, 0.6524822695035462]",,"f1: 0.8588 ± 0.0049 [0.8524590163934426, 0.859504132231405, 0.864406779661017]","f1: 0.8579 ± 0.0080 [0.8688524590163934, 0.8548387096774194, 0.85]","f1: 0.8647 ± 0.0191 [0.8870967741935484, 0.8403361344537815, 0.8666666666666667]","f1: 0.8665 ± 0.0191 [0.8403361344537815, 0.8739495798319328, 0.8852459016393442]",,"f1: 0.8465 ± 0.0137 [0.8524590163934426, 0.8275862068965517, 0.859504132231405]","f1: 0.8467 ± 0.0379 [0.8739495798319328, 0.873015873015873, 0.7931034482758621]","f1: 0.8600 ± 0.0153 [0.8571428571428571, 0.8429752066115702, 0.88]","f1: 0.8445 ± 0.0091 [0.8571428571428571, 0.8360655737704918, 0.8403361344537815]",,"f1: 0.8823 ± 0.0145 [0.8925619834710744, 0.8617886178861789, 0.8925619834710744]","f1: 0.8765 ± 0.0035 [0.88, 0.873015873015873]","f1: 0.8533 ± 0.0047 [0.848, 0.859504132231405, 0.8524590163934426]","f1: 0.8209 ± 0.0634 [0.8455284552845529, 0.8833333333333333, 0.7339449541284404]",
"accuracy: 0.9926 ± 0.0010 [0.9929048414023373, 0.9937395659432388, 0.9912353923205343]","accuracy: 0.9904 ± 0.0007 [0.9908180300500835, 0.9910267111853088, 0.9893572621035058]","accuracy: 0.9947 ± 0.0009 [0.9935308848080133, 0.9958263772954925, 0.9947829716193656]","accuracy: 0.9930 ± 0.0024 [0.9952003338898163, 0.9941569282136895, 0.9897746243739566]",,"accuracy: 0.9965 ± 0.0002 [0.9962437395659433, 0.9964524207011686, 0.996661101836394]","accuracy: 0.9964 ± 0.0002 [0.996661101836394, 0.9962437395659433, 0.9962437395659433]","accuracy: 0.9966 ± 0.0004 [0.9970784641068448, 0.9960350584307178, 0.996661101836394]","accuracy: 0.9967 ± 0.0005 [0.9960350584307178, 0.9968697829716193, 0.9970784641068448]",,"accuracy: 0.9962 ± 0.0003 [0.9962437395659433, 0.9958263772954925, 0.9964524207011686]","accuracy: 0.9962 ± 0.0008 [0.9968697829716193, 0.996661101836394, 0.994991652754591]","accuracy: 0.9964 ± 0.0004 [0.9962437395659433, 0.9960350584307178, 0.9968697829716193]","accuracy: 0.9960 ± 0.0002 [0.9962437395659433, 0.9958263772954925, 0.9960350584307178]",,"accuracy: 0.9970 ± 0.0004 [0.9972871452420701, 0.9964524207011686, 0.9972871452420701]","accuracy: 0.9968 ± 0.0001 [0.9968697829716193, 0.996661101836394]","accuracy: 0.9962 ± 0.0002 [0.9960350584307178, 0.9964524207011686, 0.9962437395659433]","accuracy: 0.9957 ± 0.0013 [0.9960350584307178, 0.9970784641068448, 0.9939482470784641]",
"map: 0.4469 ± 0.0266 [0.4546150145669445, 0.47487090883163496, 0.4110946493542318]","map: 0.3899 ± 0.0486 [0.41017347251494585, 0.43654401834545875, 0.3228350092658762]","map: 0.5003 ± 0.0157 [0.4885596885793508, 0.48985754390812397, 0.5223968000175838]","map: 0.4754 ± 0.0195 [0.4923634503889247, 0.4857290834821199, 0.44807787578237546]",,"map: 0.4929 ± 0.0028 [0.49345248725682406, 0.48929452297510195, 0.49601743780073804]","map: 0.4968 ± 0.0107 [0.4888872137609548, 0.48963621636001875, 0.5119531657458741]","map: 0.5136 ± 0.0064 [0.5226638468537318, 0.5082610302500327, 0.5099205403825967]","map: 0.5049 ± 0.0021 [0.5070817752896642, 0.502087911812997, 0.5056258272463146]",,"map: 0.5147 ± 0.0100 [0.5280035071183828, 0.503821182190209, 0.5123273622925686]","map: 0.5076 ± 0.0142 [0.516778874086558, 0.5185666639817149, 0.48753832431952726]","map: 0.5108 ± 0.0069 [0.5157440934496907, 0.5155979160770022, 0.5010394245008165]","map: 0.5008 ± 0.0071 [0.4913436530208433, 0.5082829994903697, 0.5027429373076628]",,"map: 0.5229 ± 0.0010 [0.5238683139602872, 0.5233993340508593, 0.5215014970452636]","map: 0.5180 ± 0.0112 [0.5067709858120206, 0.5291911112846516]","map: 0.5184 ± 0.0101 [0.5276944750651646, 0.5232290085626672, 0.5043844635088497]","map: 0.4957 ± 0.0102 [0.509308201333373, 0.4930318933773903, 0.48466113010977635]",
"map@5: 0.3733 ± 0.0263 [0.38987276612276617, 0.39394910644910647, 0.33616015928515924]","map@5: 0.3251 ± 0.0522 [0.33877282439782436, 0.38102952602952606, 0.2554098679098679]","map@5: 0.4293 ± 0.0197 [0.4224426961926962, 0.40933372183372185, 0.45618686868686875]","map@5: 0.4015 ± 0.0222 [0.42776029526029524, 0.40327311577311575, 0.37346542346542344]",,"map@5: 0.4231 ± 0.0029 [0.4237859362859363, 0.4192987567987568, 0.42635003885003886]","map@5: 0.4206 ± 0.0140 [0.41481157731157736, 0.4071192696192696, 0.4398115773115773]","map@5: 0.4428 ± 0.0092 [0.4532731157731158, 0.43083721833721833, 0.4442987567987568]","map@5: 0.4302 ± 0.0080 [0.44058080808080813, 0.4289141414141414, 0.42122183372183375]",,"map@5: 0.4371 ± 0.0122 [0.4532731157731158, 0.42384421134421135, 0.4340423465423466]","map@5: 0.4286 ± 0.0150 [0.4340423465423466, 0.4436577311577311, 0.40814491064491065]","map@5: 0.4327 ± 0.0071 [0.4406449106449107, 0.4340423465423465, 0.4233197358197358]","map@5: 0.4309 ± 0.0076 [0.42058080808080806, 0.43865773115773116, 0.43352952602952605]",,"map@5: 0.4498 ± 0.0025 [0.44948523698523696, 0.45298174048174045, 0.4468628593628594]","map@5: 0.4396 ± 0.0086 [0.4309654234654235, 0.4482031857031857]","map@5: 0.4420 ± 0.0111 [0.4513500388500388, 0.4482031857031857, 0.42635003885003886]","map@5: 0.4146 ± 0.0136 [0.4316385003885003, 0.4135295260295261, 0.39849456099456104]",
"map@10: 0.4192 ± 0.0319 [0.42566427399760737, 0.454655760905761, 0.3772130878380878]","map@10: 0.3590 ± 0.0500 [0.379912317620651, 0.4070571442446442, 0.28998123404373405]","map@10: 0.4826 ± 0.0192 [0.46326576201576203, 0.4756681898348564, 0.5088050838050838]","map@10: 0.4545 ± 0.0244 [0.47279026529026535, 0.4706876456876457, 0.42002036158286155]",,"map@10: 0.4813 ± 0.0050 [0.48424630924630924, 0.47426292842959505, 0.48527195027195025]","map@10: 0.4809 ± 0.0107 [0.4753496503496504, 0.471441058941059, 0.4958916083916084]","map@10: 0.5027 ± 0.0053 [0.5098873348873348, 0.4973232323232324, 0.5009129759129759]","map@10: 0.4921 ± 0.0017 [0.49121212121212127, 0.4906912531912531, 0.49442723942723943]",,"map@10: 0.5002 ± 0.0117 [0.5142773892773893, 0.48559447882364554, 0.5007877924544591]","map@10: 0.4971 ± 0.0155 [0.5096126096126097, 0.5064471639471639, 0.4752159684451351]","map@10: 0.5010 ± 0.0066 [0.5068163472330139, 0.5043728185394852, 0.4917957042957043]","map@10: 0.4894 ± 0.0059 [0.48126456876456875, 0.4952719502719503, 0.49156371406371413]",,"map@10: 0.5069 ± 0.0034 [0.5073384948384949, 0.5108349983349983, 0.50259324009324]","map@10: 0.5047 ± 0.0086 [0.49612665112665116, 0.5133214008214009]","map@10: 0.5055 ± 0.0101 [0.5139177489177489, 0.5111846486846486, 0.4913433788433788]","map@10: 0.4809 ± 0.0119 [0.4953467365967366, 0.4811052836052836, 0.46628493034743035]",
"ndcg: 0.4815 ± 0.0150 [0.47687391190106515, 0.5017583861400118, 0.46597061803392736]","ndcg: 0.4502 ± 0.0367 [0.4622363578786603, 0.48788612444325286, 0.40034235396652235]","ndcg: 0.5157 ± 0.0081 [0.5144380871503798, 0.5065223106880943, 0.5262481564955012]","ndcg: 0.4992 ± 0.0193 [0.5109778212856482, 0.514555491276004, 0.47203606422872224]",,"ndcg: 0.5009 ± 0.0032 [0.5015299537678768, 0.5044145573736057, 0.49662860765994465]","ndcg: 0.5051 ± 0.0097 [0.4951421226454177, 0.5019174814572911, 0.5181581745297547]","ndcg: 0.5111 ± 0.0047 [0.5057189435295519, 0.5104769196833433, 0.5171467204268925]","ndcg: 0.5137 ± 0.0025 [0.5117539787535781, 0.5172439064104941, 0.5121401731502305]",,"ndcg: 0.5130 ± 0.0064 [0.5219421872858471, 0.5080585022784033, 0.508916227826442]","ndcg: 0.5101 ± 0.0074 [0.5197668405151532, 0.5084750178669339, 0.5019420792701109]","ndcg: 0.5057 ± 0.0044 [0.5119725667365712, 0.5027723105658388, 0.5024469155347013]","ndcg: 0.5030 ± 0.0048 [0.5023198426725093, 0.5091867147148063, 0.4974824181968309]",,"ndcg: 0.5144 ± 0.0051 [0.5211176972982959, 0.5088848212079363, 0.5133207506013856]","ndcg: 0.5050 ± 0.0074 [0.49765846343037407, 0.5123631957639925]","ndcg: 0.5130 ± 0.0073 [0.5230284754440788, 0.5098072045563271, 0.5060292812571894]","ndcg: 0.5067 ± 0.0071 [0.5101682929630281, 0.5131010307639693, 0.4968376399909679]",
"ndcg@5: 0.4339 ± 0.0177 [0.4367895078771396, 0.453996897713093, 0.41095173815956865]","ndcg@5: 0.3962 ± 0.0555 [0.41342210976893173, 0.45390289903397874, 0.3211717058303965]","ndcg@5: 0.4796 ± 0.0140 [0.4824244436490686, 0.4612169410574989, 0.49523690892652633]","ndcg@5: 0.4607 ± 0.0195 [0.47429104123454313, 0.47468118528975106, 0.43307822561420994]",,"ndcg@5: 0.4665 ± 0.0047 [0.4671720232191118, 0.4719764404923443, 0.4604319517047486]","ndcg@5: 0.4693 ± 0.0096 [0.46044108354575425, 0.4647340877721673, 0.48259253054172496]","ndcg@5: 0.4771 ± 0.0136 [0.47281516521642253, 0.46309752503024626, 0.4954635683416805]","ndcg@5: 0.4763 ± 0.0080 [0.48408907000612367, 0.4794870653847507, 0.4651870399917936]",,"ndcg@5: 0.4681 ± 0.0105 [0.4812925727127554, 0.4556643647401739, 0.4674689323316674]","ndcg@5: 0.4713 ± 0.0119 [0.48801070543435554, 0.46441214432060285, 0.4614706143394963]","ndcg@5: 0.4639 ± 0.0039 [0.4694659833138559, 0.4617083215047141, 0.46061097653771554]","ndcg@5: 0.4731 ± 0.0026 [0.47408285809307643, 0.47563611904556535, 0.46954569257882217]",,"ndcg@5: 0.4731 ± 0.0041 [0.478786204483019, 0.47143458622584017, 0.4691370783956194]","ndcg@5: 0.4608 ± 0.0086 [0.45213032433691747, 0.4694215265609843]","ndcg@5: 0.4759 ± 0.0113 [0.48924839266942166, 0.4768538947184391, 0.461694252439733]","ndcg@5: 0.4657 ± 0.0089 [0.4666918820556394, 0.4760913941608791, 0.45424118191911295]",
"ndcg@10: 0.4473 ± 0.0203 [0.44269157964303507, 0.4742110929494039, 0.42514600298081595]","ndcg@10: 0.4135 ± 0.0415 [0.4282626731560328, 0.4554333733592478, 0.35693974125125555]","ndcg@10: 0.4943 ± 0.0120 [0.48574568531555323, 0.4860237674170706, 0.5112567234423505]","ndcg@10: 0.4741 ± 0.0229 [0.4875764830945319, 0.49284663738740303, 0.4419319692306886]",,"ndcg@10: 0.4813 ± 0.0027 [0.4840820426219739, 0.48213625533209675, 0.47762135858019605]","ndcg@10: 0.4872 ± 0.0110 [0.4800814593593748, 0.4787981897267065, 0.5027066847962252]","ndcg@10: 0.4963 ± 0.0060 [0.49154080545821716, 0.4925906680805133, 0.5047466706065417]","ndcg@10: 0.4981 ± 0.0029 [0.49569641980893314, 0.5022238101036395, 0.49642658673301826]",,"ndcg@10: 0.4912 ± 0.0070 [0.5006798321570874, 0.4838448890616538, 0.4891083680175392]","ndcg@10: 0.4968 ± 0.0072 [0.505808738478536, 0.4962466460675565, 0.48820299163373354]","ndcg@10: 0.4912 ± 0.0033 [0.49581016446777715, 0.48818225392091674, 0.48959883642043545]","ndcg@10: 0.4872 ± 0.0042 [0.4866579878228077, 0.4925899428973079, 0.482236028317607]",,"ndcg@10: 0.4922 ± 0.0035 [0.49712660378951, 0.4890593428837367, 0.490313016454532]","ndcg@10: 0.4885 ± 0.0028 [0.4857454317803259, 0.49128666989805037]","ndcg@10: 0.4955 ± 0.0108 [0.5106407925079209, 0.4897648638279991, 0.48606541578475376]","ndcg@10: 0.4881 ± 0.0035 [0.48878683440471826, 0.4919576362135349, 0.48349403714287476]",
,,,,,,,,,,,,,,,,,,,
climate_commitments_actions:,climate_commitments_actions:,climate_commitments_actions:,climate_commitments_actions:,,climate_commitments_actions:,climate_commitments_actions:,climate_commitments_actions:,climate_commitments_actions:,,climate_commitments_actions:,climate_commitments_actions:,climate_commitments_actions:,climate_commitments_actions:,,climate_commitments_actions:,climate_commitments_actions:,climate_commitments_actions:,climate_commitments_actions:,
"precision: 0.6526 ± 0.0043 [0.6506024096385542, 0.6486486486486487, 0.6585365853658537]","precision: 0.6187 ± 0.0184 [0.6285714285714286, 0.5929203539823009, 0.6346153846153846]","precision: 0.6432 ± 0.0053 [0.6363636363636364, 0.6491228070175439, 0.6442307692307693]","precision: 0.6425 ± 0.0259 [0.6666666666666666, 0.6542056074766355, 0.6065573770491803]",,"precision: 0.6595 ± 0.0030 [0.6559139784946236, 0.6632653061224489, 0.6593406593406593]","precision: 0.6402 ± 0.0035 [0.6410256410256411, 0.635593220338983, 0.6440677966101694]","precision: 0.6081 ± 0.0106 [0.6120689655172413, 0.6186440677966102, 0.5934959349593496]","precision: 0.6402 ± 0.0185 [0.6538461538461539, 0.6526315789473685, 0.6140350877192983]",,"precision: 0.6768 ± 0.0019 [0.6777777777777778, 0.6785714285714286, 0.6741573033707865]","precision: 0.6255 ± 0.0357 [0.67, 0.5826086956521739, 0.6239316239316239]","precision: 0.6401 ± 0.0191 [0.6226415094339622, 0.6666666666666666, 0.6310679611650486]","precision: 0.5898 ± 0.0300 [0.5658914728682171, 0.5714285714285714, 0.6320754716981132]",,"precision: 0.6526 ± 0.0247 [0.6756756756756757, 0.6183206106870229, 0.6637931034482759]","precision: 0.6481 ± 0.0092 [0.635593220338983, 0.6574074074074074, 0.6513761467889908]","precision: 0.6356 ± 0.0092 [0.646551724137931, 0.6363636363636364, 0.624]","precision: 0.6451 ± 0.0039 [0.6476190476190476, 0.6396396396396397, 0.6481481481481481]",
"recall: 0.5306 ± 0.0289 [0.5510204081632653, 0.4897959183673469, 0.5510204081632653]","recall: 0.6769 ± 0.0048 [0.673469387755102, 0.6836734693877551, 0.673469387755102]","recall: 0.7177 ± 0.0293 [0.7142857142857143, 0.7551020408163265, 0.6836734693877551]","recall: 0.7211 ± 0.0255 [0.6938775510204082, 0.7142857142857143, 0.7551020408163265]",,"recall: 0.6327 ± 0.0220 [0.6224489795918368, 0.6632653061224489, 0.6122448979591837]","recall: 0.7687 ± 0.0048 [0.7653061224489796, 0.7653061224489796, 0.7755102040816326]","recall: 0.7381 ± 0.0096 [0.7244897959183674, 0.7448979591836735, 0.7448979591836735]","recall: 0.6803 ± 0.0347 [0.6938775510204082, 0.6326530612244898, 0.7142857142857143]",,"recall: 0.6054 ± 0.0173 [0.6224489795918368, 0.5816326530612245, 0.6122448979591837]","recall: 0.7041 ± 0.0289 [0.6836734693877551, 0.6836734693877551, 0.7448979591836735]","recall: 0.6905 ± 0.0315 [0.673469387755102, 0.7346938775510204, 0.6632653061224489]","recall: 0.7211 ± 0.0268 [0.7448979591836735, 0.7346938775510204, 0.6836734693877551]",,"recall: 0.7925 ± 0.0255 [0.7653061224489796, 0.826530612244898, 0.7857142857142857]","recall: 0.7381 ± 0.0192 [0.7653061224489796, 0.7244897959183674, 0.7244897959183674]","recall: 0.7823 ± 0.0127 [0.7653061224489796, 0.7857142857142857, 0.7959183673469388]","recall: 0.7109 ± 0.0127 [0.6938775510204082, 0.7244897959183674, 0.7142857142857143]",
"f1: 0.5849 ± 0.0190 [0.5966850828729282, 0.5581395348837209, 0.6]","f1: 0.6463 ± 0.0080 [0.6502463054187192, 0.6350710900473934, 0.6534653465346535]","f1: 0.6782 ± 0.0146 [0.6730769230769231, 0.6981132075471698, 0.6633663366336634]","f1: 0.6786 ± 0.0043 [0.68, 0.6829268292682927, 0.6727272727272727]",,"f1: 0.6456 ± 0.0126 [0.6387434554973822, 0.6632653061224489, 0.6349206349206349]","f1: 0.6986 ± 0.0038 [0.6976744186046512, 0.6944444444444444, 0.7037037037037037]","f1: 0.6667 ± 0.0066 [0.6635514018691588, 0.6759259259259259, 0.6606334841628959]","f1: 0.6587 ± 0.0126 [0.6732673267326733, 0.6424870466321243, 0.660377358490566]",,"f1: 0.6390 ± 0.0094 [0.648936170212766, 0.6263736263736264, 0.6417112299465241]","f1: 0.6616 ± 0.0230 [0.6767676767676768, 0.6291079812206573, 0.6790697674418604]","f1: 0.6643 ± 0.0246 [0.6470588235294118, 0.6990291262135923, 0.6467661691542289]","f1: 0.6476 ± 0.0065 [0.6431718061674009, 0.6428571428571429, 0.6568627450980392]",,"f1: 0.7149 ± 0.0054 [0.7177033492822966, 0.7074235807860262, 0.719626168224299]","f1: 0.6899 ± 0.0035 [0.6944444444444444, 0.6893203883495146, 0.6859903381642513]","f1: 0.7012 ± 0.0015 [0.7009345794392523, 0.7031963470319634, 0.6995515695067265]","f1: 0.6763 ± 0.0045 [0.6699507389162561, 0.6794258373205742, 0.6796116504854369]",
"accuracy: 0.7698 ± 0.0053 [0.771875, 0.7625, 0.775]","accuracy: 0.7729 ± 0.0097 [0.778125, 0.759375, 0.78125]","accuracy: 0.7917 ± 0.0059 [0.7875, 0.8, 0.7875]","accuracy: 0.7906 ± 0.0111 [0.8, 0.796875, 0.775]",,"accuracy: 0.7875 ± 0.0044 [0.784375, 0.79375, 0.784375]","accuracy: 0.7969 ± 0.0026 [0.796875, 0.79375, 0.8]","accuracy: 0.7740 ± 0.0064 [0.775, 0.78125, 0.765625]","accuracy: 0.7844 ± 0.0077 [0.79375, 0.784375, 0.775]",,"accuracy: 0.7906 ± 0.0026 [0.79375, 0.7875, 0.790625]","accuracy: 0.7792 ± 0.0195 [0.8, 0.753125, 0.784375]","accuracy: 0.7865 ± 0.0141 [0.775, 0.80625, 0.778125]","accuracy: 0.7594 ± 0.0155 [0.746875, 0.75, 0.78125]",,"accuracy: 0.8063 ± 0.0111 [0.815625, 0.790625, 0.8125]","accuracy: 0.7969 ± 0.0026 [0.79375, 0.8, 0.796875]","accuracy: 0.7958 ± 0.0039 [0.8, 0.796875, 0.790625]","accuracy: 0.7917 ± 0.0015 [0.790625, 0.790625, 0.79375]",
,,,,,,,,,,,,,,,,,,,
climate_detection:,climate_detection:,climate_detection:,climate_detection:,,climate_detection:,climate_detection:,climate_detection:,climate_detection:,,climate_detection:,climate_detection:,climate_detection:,climate_detection:,,climate_detection:,climate_detection:,climate_detection:,climate_detection:,
"precision: 0.9167 ± 0.0048 [0.9201277955271565, 0.9201277955271565, 0.9099378881987578]","precision: 0.9346 ± 0.0051 [0.9383561643835616, 0.9273927392739274, 0.9381443298969072]","precision: 0.9559 ± 0.0040 [0.9601328903654485, 0.956953642384106, 0.9504950495049505]","precision: 0.9524 ± 0.0057 [0.948220064724919, 0.9485530546623794, 0.9603960396039604]",,"precision: 0.9806 ± 0.0066 [0.9834983498349835, 0.9714285714285714, 0.9867986798679867]","precision: 0.9537 ± 0.0014 [0.9517684887459807, 0.9548387096774194, 0.9545454545454546]","precision: 0.9665 ± 0.0036 [0.9704918032786886, 0.9673202614379085, 0.9617834394904459]","precision: 0.9694 ± 0.0039 [0.9640522875816994, 0.9705882352941176, 0.973421926910299]",,"precision: 0.9667 ± 0.0014 [0.9646302250803859, 0.967741935483871, 0.9676375404530745]","precision: 0.9667 ± 0.0012 [0.9676375404530745, 0.9650793650793651, 0.9674267100977199]","precision: 0.9720 ± 0.0040 [0.9774193548387097, 0.9705882352941176, 0.9680511182108626]","precision: 0.9717 ± 0.0039 [0.9769736842105263, 0.9705882352941176, 0.9675324675324676]",,"precision: 0.9388 ± 0.0129 [0.9570552147239264, 0.9296636085626911, 0.9296636085626911]","precision: 0.9756 ± 0.0013 [0.976027397260274, 0.9738562091503268, 0.9768211920529801]","precision: 0.9789 ± 0.0062 [0.9717868338557993, 0.9868852459016394, 0.9779179810725552]","precision: 0.9792 ± 0.0056 [0.9834983498349835, 0.9713375796178344, 0.9828178694158075]",
"recall: 0.9052 ± 0.0074 [0.9, 0.9, 0.915625]","recall: 0.8625 ± 0.0111 [0.85625, 0.878125, 0.853125]","recall: 0.9021 ± 0.0015 [0.903125, 0.903125, 0.9]","recall: 0.9156 ± 0.0051 [0.915625, 0.921875, 0.909375]",,"recall: 0.9406 ± 0.0111 [0.93125, 0.95625, 0.934375]","recall: 0.9229 ± 0.0029 [0.925, 0.925, 0.91875]","recall: 0.9313 ± 0.0088 [0.925, 0.925, 0.94375]","recall: 0.9219 ± 0.0051 [0.921875, 0.928125, 0.915625]",,"recall: 0.9365 ± 0.0015 [0.9375, 0.9375, 0.934375]","recall: 0.9375 ± 0.0092 [0.934375, 0.95, 0.928125]","recall: 0.9406 ± 0.0088 [0.946875, 0.928125, 0.946875]","recall: 0.9292 ± 0.0015 [0.928125, 0.928125, 0.93125]",,"recall: 0.9583 ± 0.0118 [0.975, 0.95, 0.95]","recall: 0.9146 ± 0.0174 [0.890625, 0.93125, 0.921875]","recall: 0.9594 ± 0.0133 [0.96875, 0.940625, 0.96875]","recall: 0.9260 ± 0.0245 [0.93125, 0.953125, 0.89375]",
"f1: 0.9109 ± 0.0013 [0.909952606635071, 0.909952606635071, 0.9127725856697819]","f1: 0.8970 ± 0.0036 [0.8954248366013072, 0.9020866773675762, 0.8936170212765957]","f1: 0.9282 ± 0.0026 [0.9307568438003221, 0.9292604501607717, 0.9245585874799358]","f1: 0.9336 ± 0.0014 [0.931637519872814, 0.9350237717908082, 0.9341894060995185]",,"f1: 0.9601 ± 0.0029 [0.956661316211878, 0.9637795275590552, 0.9598715890850722]","f1: 0.9381 ± 0.0014 [0.9381933438985737, 0.9396825396825397, 0.9363057324840764]","f1: 0.9485 ± 0.0030 [0.9472, 0.9456869009584664, 0.9526813880126183]","f1: 0.9450 ± 0.0028 [0.9424920127795527, 0.9488817891373802, 0.9436392914653784]",,"f1: 0.9513 ± 0.0008 [0.9508716323296355, 0.9523809523809523, 0.9507154213036566]","f1: 0.9519 ± 0.0042 [0.9507154213036566, 0.9574803149606299, 0.9473684210526315]","f1: 0.9560 ± 0.0054 [0.9619047619047619, 0.9488817891373802, 0.957345971563981]","f1: 0.9499 ± 0.0014 [0.9519230769230769, 0.9488817891373802, 0.9490445859872612]",,"f1: 0.9485 ± 0.0124 [0.9659442724458205, 0.9397217928902627, 0.9397217928902627]","f1: 0.9440 ± 0.0090 [0.9313725490196079, 0.952076677316294, 0.9485530546623794]","f1: 0.9689 ± 0.0042 [0.9702660406885759, 0.9632, 0.9733124018838305]","f1: 0.9517 ± 0.0112 [0.956661316211878, 0.9621451104100947, 0.9361702127659575]",
"accuracy: 0.8583 ± 0.0012 [0.8575, 0.8575, 0.86]","accuracy: 0.8417 ± 0.0042 [0.84, 0.8475, 0.8375]","accuracy: 0.8883 ± 0.0042 [0.8925, 0.89, 0.8825]","accuracy: 0.8958 ± 0.0024 [0.8925, 0.8975, 0.8975]",,"accuracy: 0.9375 ± 0.0041 [0.9325, 0.9425, 0.9375]","accuracy: 0.9025 ± 0.0020 [0.9025, 0.905, 0.9]","accuracy: 0.9192 ± 0.0042 [0.9175, 0.915, 0.925]","accuracy: 0.9142 ± 0.0042 [0.91, 0.92, 0.9125]",,"accuracy: 0.9233 ± 0.0012 [0.9225, 0.925, 0.9225]","accuracy: 0.9242 ± 0.0062 [0.9225, 0.9325, 0.9175]","accuracy: 0.9308 ± 0.0082 [0.94, 0.92, 0.9325]","accuracy: 0.9217 ± 0.0024 [0.925, 0.92, 0.92]",,"accuracy: 0.9167 ± 0.0200 [0.945, 0.9025, 0.9025]","accuracy: 0.9133 ± 0.0131 [0.895, 0.925, 0.92]","accuracy: 0.9508 ± 0.0062 [0.9525, 0.9425, 0.9575]","accuracy: 0.9250 ± 0.0162 [0.9325, 0.94, 0.9025]",
,,,,,,,,,,,,,,,,,,,
climate_sentiment:,climate_sentiment:,climate_sentiment:,climate_sentiment:,,climate_sentiment:,climate_sentiment:,climate_sentiment:,climate_sentiment:,,climate_sentiment:,climate_sentiment:,climate_sentiment:,climate_sentiment:,,climate_sentiment:,climate_sentiment:,climate_sentiment:,climate_sentiment:,
"micro_f1: 0.7010 ± 0.0029 [0.703125, 0.703125, 0.696875]","micro_f1: 0.6813 ± 0.0044 [0.684375, 0.684375, 0.675]","micro_f1: 0.7240 ± 0.0106 [0.709375, 0.734375, 0.728125]","micro_f1: 0.7354 ± 0.0064 [0.728125, 0.74375, 0.734375]",,"micro_f1: 0.7635 ± 0.0064 [0.75625, 0.771875, 0.7625]","micro_f1: 0.7750 ± 0.0088 [0.76875, 0.76875, 0.7875]","micro_f1: 0.7740 ± 0.0217 [0.79375, 0.74375, 0.784375]","micro_f1: 0.8000 ± 0.0051 [0.80625, 0.79375, 0.8]",,"micro_f1: 0.7812 ± 0.0044 [0.778125, 0.7875, 0.778125]","micro_f1: 0.7781 ± 0.0111 [0.76875, 0.771875, 0.79375]","micro_f1: 0.8240 ± 0.0029 [0.828125, 0.821875, 0.821875]","micro_f1: 0.7812 ± 0.0077 [0.78125, 0.790625, 0.771875]",,"micro_f1: 0.7750 ± 0.0088 [0.7625, 0.78125, 0.78125]","micro_f1: 0.8000 ± 0.0068 [0.790625, 0.80625, 0.803125]","micro_f1: 0.8000 ± 0.0044 [0.79375, 0.803125, 0.803125]","micro_f1: 0.7958 ± 0.0064 [0.7875, 0.796875, 0.803125]",
"macro_f1: 0.6267 ± 0.0046 [0.6214285714285714, 0.6259911921143805, 0.6326694738439361]","macro_f1: 0.6170 ± 0.0048 [0.6180064083856219, 0.6222865590181931, 0.6107456070593632]","macro_f1: 0.6645 ± 0.0222 [0.6333110481883488, 0.6829583772391992, 0.6771330498072817]","macro_f1: 0.6903 ± 0.0088 [0.678489095925996, 0.6997736018111854, 0.6925456244254562]",,"macro_f1: 0.7375 ± 0.0080 [0.7265217347422815, 0.745294418842806, 0.7407386771517622]","macro_f1: 0.7505 ± 0.0096 [0.7424722142910017, 0.7448709759836484, 0.7640197036236077]","macro_f1: 0.7489 ± 0.0263 [0.7723881067691182, 0.7121250114930998, 0.7621529446054544]","macro_f1: 0.7750 ± 0.0048 [0.7807074779959651, 0.7689448303209384, 0.7754437691097636]",,"macro_f1: 0.7586 ± 0.0050 [0.7555347220187697, 0.7657169990503325, 0.7546971011932079]","macro_f1: 0.7642 ± 0.0115 [0.7555568229634023, 0.7564584611313583, 0.7804731991752852]","macro_f1: 0.8091 ± 0.0031 [0.813469577998149, 0.8070928070928071, 0.8068676378300806]","macro_f1: 0.7614 ± 0.0067 [0.7600776293033938, 0.7702408344838165, 0.7539376639101475]",,"macro_f1: 0.7453 ± 0.0068 [0.7363373289099034, 0.7527814132465295, 0.7468641090200429]","macro_f1: 0.7808 ± 0.0052 [0.7747537505602021, 0.7874784206412961, 0.7801120201507673]","macro_f1: 0.7761 ± 0.0020 [0.7775344646373942, 0.7733268186292213, 0.7774009989469515]","macro_f1: 0.7723 ± 0.0060 [0.7639503169688928, 0.7753375531692585, 0.7775401035745864]",
"weighted_f1: 0.6906 ± 0.0006 [0.6897098214285714, 0.6910030158926218, 0.6909997723910323]","weighted_f1: 0.6738 ± 0.0047 [0.6765110997236612, 0.6777146747555293, 0.6671358425421269]","weighted_f1: 0.7173 ± 0.0159 [0.694941907051282, 0.731160039625044, 0.7256808301907641]","weighted_f1: 0.7338 ± 0.0077 [0.7245198039828994, 0.7434392324861401, 0.7333208652628962]",,"weighted_f1: 0.7637 ± 0.0063 [0.7562739387470858, 0.7716530337941628, 0.7630993581335457]","weighted_f1: 0.7780 ± 0.0084 [0.7720887860473971, 0.7719363383048032, 0.7898765697768166]","weighted_f1: 0.7759 ± 0.0224 [0.7960517117652461, 0.744703000012538, 0.7868832296000684]","weighted_f1: 0.8012 ± 0.0055 [0.8077271170528231, 0.7942475967995701, 0.8015816448950469]",,"weighted_f1: 0.7817 ± 0.0043 [0.7790842073653063, 0.7877461716524217, 0.7783136027626434]","weighted_f1: 0.7797 ± 0.0108 [0.7709485573413332, 0.7731575584262499, 0.7948977918571986]","weighted_f1: 0.8255 ± 0.0032 [0.8299793784596863, 0.8233308619178186, 0.8231978429533635]","weighted_f1: 0.7857 ± 0.0064 [0.7843059239610964, 0.7942397223500537, 0.7786750982851252]",,"weighted_f1: 0.7756 ± 0.0086 [0.7635136767847842, 0.7831955770327863, 0.7800174700209107]","weighted_f1: 0.8010 ± 0.0066 [0.7918628779767893, 0.8072443988910442, 0.8038132262474369]","weighted_f1: 0.8009 ± 0.0035 [0.7959722420636945, 0.8030687522571325, 0.8035957018230299]","weighted_f1: 0.7991 ± 0.0061 [0.791203594924812, 0.80024115755627, 0.8060048254547176]",
"accuracy: 0.7010 ± 0.0029 [0.703125, 0.703125, 0.696875]","accuracy: 0.6813 ± 0.0044 [0.684375, 0.684375, 0.675]","accuracy: 0.7240 ± 0.0106 [0.709375, 0.734375, 0.728125]","accuracy: 0.7354 ± 0.0064 [0.728125, 0.74375, 0.734375]",,"accuracy: 0.7635 ± 0.0064 [0.75625, 0.771875, 0.7625]","accuracy: 0.7750 ± 0.0088 [0.76875, 0.76875, 0.7875]","accuracy: 0.7740 ± 0.0217 [0.79375, 0.74375, 0.784375]","accuracy: 0.8000 ± 0.0051 [0.80625, 0.79375, 0.8]",,"accuracy: 0.7812 ± 0.0044 [0.778125, 0.7875, 0.778125]","accuracy: 0.7781 ± 0.0111 [0.76875, 0.771875, 0.79375]","accuracy: 0.8240 ± 0.0029 [0.828125, 0.821875, 0.821875]","accuracy: 0.7812 ± 0.0077 [0.78125, 0.790625, 0.771875]",,"accuracy: 0.7750 ± 0.0088 [0.7625, 0.78125, 0.78125]","accuracy: 0.8000 ± 0.0068 [0.790625, 0.80625, 0.803125]","accuracy: 0.8000 ± 0.0044 [0.79375, 0.803125, 0.803125]","accuracy: 0.7958 ± 0.0064 [0.7875, 0.796875, 0.803125]",
,,,,,,,,,,,,,,,,,,,
climate_specificity:,climate_specificity:,climate_specificity:,climate_specificity:,,climate_specificity:,climate_specificity:,climate_specificity:,climate_specificity:,,climate_specificity:,climate_specificity:,climate_specificity:,climate_specificity:,,climate_specificity:,climate_specificity:,climate_specificity:,climate_specificity:,
"precision: 0.7858 ± 0.0063 [0.7865168539325843, 0.7777777777777778, 0.7931034482758621]","precision: 0.8538 ± 0.0074 [0.8433734939759037, 0.8589743589743589, 0.8589743589743589]","precision: 0.8789 ± 0.0008 [0.8783783783783784, 0.88, 0.8783783783783784]","precision: 0.7947 ± 0.0075 [0.8, 0.7840909090909091, 0.8]",,"precision: 0.8594 ± 0.0113 [0.8717948717948718, 0.8444444444444444, 0.8620689655172413]","precision: 0.8406 ± 0.0411 [0.8536585365853658, 0.8831168831168831, 0.7849462365591398]","precision: 0.8205 ± 0.0116 [0.8043478260869565, 0.8255813953488372, 0.8314606741573034]","precision: 0.8481 ± 0.0182 [0.8395061728395061, 0.8734177215189873, 0.8313253012048193]",,"precision: 0.8978 ± 0.0162 [0.8780487804878049, 0.8974358974358975, 0.9178082191780822]","precision: 0.7922 ± 0.0157 [0.7938144329896907, 0.8105263157894737, 0.7722772277227723]","precision: 0.8601 ± 0.0332 [0.8131868131868132, 0.8809523809523809, 0.8860759493670886]","precision: 0.8262 ± 0.0142 [0.8452380952380952, 0.8111111111111111, 0.8222222222222222]",,"precision: 0.9180 ± 0.0216 [0.9342105263157895, 0.9324324324324325, 0.8875]","precision: 0.8439 ± 0.0085 [0.8352941176470589, 0.8554216867469879, 0.8409090909090909]","precision: 0.8306 ± 0.0447 [0.7684210526315789, 0.8714285714285714, 0.8518518518518519]","precision: 0.8749 ± 0.0392 [0.8202247191011236, 0.8939393939393939, 0.9104477611940298]",
"recall: 0.5664 ± 0.0038 [0.5691056910569106, 0.5691056910569106, 0.5609756097560976]","recall: 0.5528 ± 0.0115 [0.5691056910569106, 0.5447154471544715, 0.5447154471544715]","recall: 0.5312 ± 0.0038 [0.5284552845528455, 0.5365853658536586, 0.5284552845528455]","recall: 0.5556 ± 0.0038 [0.5528455284552846, 0.5609756097560976, 0.5528455284552846]",,"recall: 0.5935 ± 0.0289 [0.5528455284552846, 0.6178861788617886, 0.6097560975609756]","recall: 0.5718 ± 0.0167 [0.5691056910569106, 0.5528455284552846, 0.5934959349593496]","recall: 0.5935 ± 0.0115 [0.6016260162601627, 0.5772357723577236, 0.6016260162601627]","recall: 0.5583 ± 0.0038 [0.5528455284552846, 0.5609756097560976, 0.5609756097560976]",,"recall: 0.5664 ± 0.0167 [0.5853658536585366, 0.5691056910569106, 0.5447154471544715]","recall: 0.6287 ± 0.0038 [0.6260162601626016, 0.6260162601626016, 0.6341463414634146]","recall: 0.5908 ± 0.0153 [0.6016260162601627, 0.6016260162601627, 0.5691056910569106]","recall: 0.5908 ± 0.0101 [0.5772357723577236, 0.5934959349593496, 0.6016260162601627]",,"recall: 0.5718 ± 0.0077 [0.5772357723577236, 0.5609756097560976, 0.5772357723577236]","recall: 0.5854 ± 0.0115 [0.5772357723577236, 0.5772357723577236, 0.6016260162601627]","recall: 0.5501 ± 0.0406 [0.5934959349593496, 0.4959349593495935, 0.5609756097560976]","recall: 0.5230 ± 0.0503 [0.5934959349593496, 0.4796747967479675, 0.4959349593495935]",
"f1: 0.6583 ± 0.0015 [0.660377358490566, 0.6572769953051644, 0.6571428571428571]","f1: 0.6710 ± 0.0061 [0.6796116504854369, 0.6666666666666666, 0.6666666666666666]","f1: 0.6622 ± 0.0032 [0.6598984771573604, 0.6666666666666666, 0.6598984771573604]","f1: 0.6539 ± 0.0001 [0.6538461538461539, 0.6540284360189573, 0.6538461538461539]",,"f1: 0.7015 ± 0.0176 [0.6766169154228856, 0.7136150234741784, 0.7142857142857143]","f1: 0.6796 ± 0.0029 [0.6829268292682927, 0.68, 0.6759259259259259]","f1: 0.6886 ± 0.0076 [0.6883720930232559, 0.6794258373205742, 0.6981132075471698]","f1: 0.6732 ± 0.0071 [0.6666666666666666, 0.6831683168316832, 0.6699029126213593]",,"f1: 0.6942 ± 0.0078 [0.7024390243902439, 0.6965174129353234, 0.6836734693877551]","f1: 0.7010 ± 0.0041 [0.7, 0.7064220183486238, 0.6964285714285714]","f1: 0.6999 ± 0.0107 [0.6915887850467289, 0.714975845410628, 0.693069306930693]","f1: 0.6888 ± 0.0043 [0.6859903381642513, 0.6854460093896714, 0.6948356807511737]",,"f1: 0.7045 ± 0.0064 [0.7135678391959799, 0.700507614213198, 0.6995073891625616]","f1: 0.6911 ± 0.0078 [0.6826923076923077, 0.6893203883495146, 0.7014218009478673]","f1: 0.6594 ± 0.0195 [0.6697247706422018, 0.6321243523316062, 0.6764705882352942]","f1: 0.6517 ± 0.0271 [0.6886792452830188, 0.6243386243386243, 0.6421052631578947]",
"accuracy: 0.7740 ± 0.0015 [0.775, 0.771875, 0.775]","accuracy: 0.7917 ± 0.0015 [0.79375, 0.790625, 0.790625]","accuracy: 0.7917 ± 0.0015 [0.790625, 0.79375, 0.790625]","accuracy: 0.7740 ± 0.0015 [0.775, 0.771875, 0.775]",,"accuracy: 0.8063 ± 0.0068 [0.796875, 0.809375, 0.8125]","accuracy: 0.7927 ± 0.0082 [0.796875, 0.8, 0.78125]","accuracy: 0.7938 ± 0.0044 [0.790625, 0.790625, 0.8]","accuracy: 0.7917 ± 0.0059 [0.7875, 0.8, 0.7875]",,"accuracy: 0.8083 ± 0.0015 [0.809375, 0.809375, 0.80625]","accuracy: 0.7938 ± 0.0051 [0.79375, 0.8, 0.7875]","accuracy: 0.8052 ± 0.0090 [0.79375, 0.815625, 0.80625]","accuracy: 0.7948 ± 0.0029 [0.796875, 0.790625, 0.796875]",,"accuracy: 0.8156 ± 0.0051 [0.821875, 0.815625, 0.809375]","accuracy: 0.7990 ± 0.0039 [0.79375, 0.8, 0.803125]","accuracy: 0.7823 ± 0.0082 [0.775, 0.778125, 0.79375]","accuracy: 0.7865 ± 0.0064 [0.79375, 0.778125, 0.7875]",
,,,,,,,,,,,,,,,,,,,
environmental_claims:,environmental_claims:,environmental_claims:,environmental_claims:,,environmental_claims:,environmental_claims:,environmental_claims:,environmental_claims:,,environmental_claims:,environmental_claims:,environmental_claims:,environmental_claims:,,environmental_claims:,environmental_claims:,environmental_claims:,environmental_claims:,
"precision: 0.7391 ± 0.0000 [0.7391304347826086, 0.7391304347826086, 0.7391304347826086]","precision: 0.7971 ± 0.0000 [0.7971014492753623, 0.7971014492753623, 0.7971014492753623]","precision: 0.7532 ± 0.0000 [0.7532467532467533, 0.7532467532467533, 0.7532467532467533]","precision: 0.7966 ± 0.0000 [0.7966101694915254, 0.7966101694915254, 0.7966101694915254]",,"precision: 0.8000 ± 0.0000 [0.8, 0.8, 0.8]","precision: 0.8065 ± 0.0000 [0.8064516129032258, 0.8064516129032258, 0.8064516129032258]","precision: 0.7703 ± 0.0000 [0.7702702702702703, 0.7702702702702703, 0.7702702702702703]","precision: 0.7821 ± 0.0000 [0.782051282051282, 0.782051282051282, 0.782051282051282]",,"precision: 0.7808 ± 0.0000 [0.7808219178082192, 0.7808219178082192, 0.7808219178082192]","precision: 0.8308 ± 0.0000 [0.8307692307692308, 0.8307692307692308, 0.8307692307692308]","precision: 0.7375 ± 0.0000 [0.7375, 0.7375, 0.7375]","precision: 0.8116 ± 0.0000 [0.8115942028985508, 0.8115942028985508, 0.8115942028985508]",,"precision: 0.8235 ± 0.0000 [0.8235294117647058, 0.8235294117647058, 0.8235294117647058]","precision: 0.7632 ± 0.0000 [0.7631578947368421, 0.7631578947368421, 0.7631578947368421]","precision: 0.8226 ± 0.0000 [0.8225806451612904, 0.8225806451612904, 0.8225806451612904]","precision: 0.7534 ± 0.0000 [0.7534246575342466, 0.7534246575342466, 0.7534246575342466]",
"recall: 0.7612 ± 0.0000 [0.7611940298507462, 0.7611940298507462, 0.7611940298507462]","recall: 0.8209 ± 0.0000 [0.8208955223880597, 0.8208955223880597, 0.8208955223880597]","recall: 0.8657 ± 0.0000 [0.8656716417910447, 0.8656716417910447, 0.8656716417910447]","recall: 0.7015 ± 0.0000 [0.7014925373134329, 0.7014925373134329, 0.7014925373134329]",,"recall: 0.8358 ± 0.0000 [0.835820895522388, 0.835820895522388, 0.835820895522388]","recall: 0.7463 ± 0.0000 [0.746268656716418, 0.746268656716418, 0.746268656716418]","recall: 0.8507 ± 0.0000 [0.8507462686567164, 0.8507462686567164, 0.8507462686567164]","recall: 0.9104 ± 0.0000 [0.9104477611940298, 0.9104477611940298, 0.9104477611940298]",,"recall: 0.8507 ± 0.0000 [0.8507462686567164, 0.8507462686567164, 0.8507462686567164]","recall: 0.8060 ± 0.0000 [0.8059701492537313, 0.8059701492537313, 0.8059701492537313]","recall: 0.8806 ± 0.0000 [0.8805970149253731, 0.8805970149253731, 0.8805970149253731]","recall: 0.8358 ± 0.0000 [0.835820895522388, 0.835820895522388, 0.835820895522388]",,"recall: 0.8358 ± 0.0000 [0.835820895522388, 0.835820895522388, 0.835820895522388]","recall: 0.8657 ± 0.0000 [0.8656716417910447, 0.8656716417910447, 0.8656716417910447]","recall: 0.7612 ± 0.0000 [0.7611940298507462, 0.7611940298507462, 0.7611940298507462]","recall: 0.8209 ± 0.0000 [0.8208955223880597, 0.8208955223880597, 0.8208955223880597]",
"f1: 0.7500 ± 0.0000 [0.75, 0.75, 0.75]","f1: 0.8088 ± 0.0000 [0.8088235294117647, 0.8088235294117647, 0.8088235294117647]","f1: 0.8056 ± 0.0000 [0.8055555555555556, 0.8055555555555556, 0.8055555555555556]","f1: 0.7460 ± 0.0000 [0.746031746031746, 0.746031746031746, 0.746031746031746]",,"f1: 0.8175 ± 0.0000 [0.8175182481751825, 0.8175182481751825, 0.8175182481751825]","f1: 0.7752 ± 0.0000 [0.7751937984496124, 0.7751937984496124, 0.7751937984496124]","f1: 0.8085 ± 0.0000 [0.8085106382978723, 0.8085106382978723, 0.8085106382978723]","f1: 0.8414 ± 0.0000 [0.8413793103448276, 0.8413793103448276, 0.8413793103448276]",,"f1: 0.8143 ± 0.0000 [0.8142857142857143, 0.8142857142857143, 0.8142857142857143]","f1: 0.8182 ± 0.0000 [0.8181818181818182, 0.8181818181818182, 0.8181818181818182]","f1: 0.8027 ± 0.0000 [0.8027210884353742, 0.8027210884353742, 0.8027210884353742]","f1: 0.8235 ± 0.0000 [0.8235294117647058, 0.8235294117647058, 0.8235294117647058]",,"f1: 0.8296 ± 0.0000 [0.8296296296296296, 0.8296296296296296, 0.8296296296296296]","f1: 0.8112 ± 0.0000 [0.8111888111888111, 0.8111888111888111, 0.8111888111888111]","f1: 0.7907 ± 0.0000 [0.7906976744186046, 0.7906976744186046, 0.7906976744186046]","f1: 0.7857 ± 0.0000 [0.7857142857142857, 0.7857142857142857, 0.7857142857142857]",
"accuracy: 0.8717 ± 0.0000 [0.8716981132075472, 0.8716981132075472, 0.8716981132075472]","accuracy: 0.9019 ± 0.0000 [0.9018867924528302, 0.9018867924528302, 0.9018867924528302]","accuracy: 0.8943 ± 0.0000 [0.8943396226415095, 0.8943396226415095, 0.8943396226415095]","accuracy: 0.8792 ± 0.0000 [0.879245283018868, 0.879245283018868, 0.879245283018868]",,"accuracy: 0.9057 ± 0.0000 [0.9056603773584906, 0.9056603773584906, 0.9056603773584906]","accuracy: 0.8906 ± 0.0000 [0.8905660377358491, 0.8905660377358491, 0.8905660377358491]","accuracy: 0.8981 ± 0.0000 [0.8981132075471698, 0.8981132075471698, 0.8981132075471698]","accuracy: 0.9132 ± 0.0000 [0.9132075471698113, 0.9132075471698113, 0.9132075471698113]",,"accuracy: 0.9019 ± 0.0000 [0.9018867924528302, 0.9018867924528302, 0.9018867924528302]","accuracy: 0.9094 ± 0.0000 [0.909433962264151, 0.909433962264151, 0.909433962264151]","accuracy: 0.8906 ± 0.0000 [0.8905660377358491, 0.8905660377358491, 0.8905660377358491]","accuracy: 0.9094 ± 0.0000 [0.909433962264151, 0.909433962264151, 0.909433962264151]",,"accuracy: 0.9132 ± 0.0000 [0.9132075471698113, 0.9132075471698113, 0.9132075471698113]","accuracy: 0.8981 ± 0.0000 [0.8981132075471698, 0.8981132075471698, 0.8981132075471698]","accuracy: 0.8981 ± 0.0000 [0.8981132075471698, 0.8981132075471698, 0.8981132075471698]","accuracy: 0.8868 ± 0.0000 [0.8867924528301887, 0.8867924528301887, 0.8867924528301887]",
,,,,,,,,,,,,,,,,,,,
netzero_reduction:,netzero_reduction:,netzero_reduction:,netzero_reduction:,,netzero_reduction:,netzero_reduction:,netzero_reduction:,netzero_reduction:,,netzero_reduction:,netzero_reduction:,netzero_reduction:,netzero_reduction:,,netzero_reduction:,netzero_reduction:,netzero_reduction:,netzero_reduction:,
"micro_f1: 0.9657 ± 0.0007 [0.965166908563135, 0.9666182873730044, 0.965166908563135]","micro_f1: 0.9594 ± 0.0012 [0.9608127721335269, 0.9593613933236574, 0.9579100145137881]","micro_f1: 0.9826 ± 0.0041 [0.9854862119013063, 0.9854862119013063, 0.97677793904209]","micro_f1: 0.9758 ± 0.0027 [0.9738751814223512, 0.9796806966618288, 0.9738751814223512]",,"micro_f1: 0.9908 ± 0.0014 [0.9898403483309144, 0.9898403483309144, 0.9927431059506531]","micro_f1: 0.9845 ± 0.0108 [0.969521044992743, 0.9898403483309144, 0.9941944847605225]","micro_f1: 0.9923 ± 0.0007 [0.9927431059506531, 0.9927431059506531, 0.9912917271407837]","micro_f1: 0.9889 ± 0.0056 [0.9811320754716981, 0.9912917271407837, 0.9941944847605225]",,"micro_f1: 0.9898 ± 0.0043 [0.9941944847605225, 0.9840348330914369, 0.9912917271407837]","micro_f1: 0.9816 ± 0.0049 [0.97677793904209, 0.9796806966618288, 0.988388969521045]","micro_f1: 0.9869 ± 0.0072 [0.9927431059506531, 0.9912917271407837, 0.97677793904209]","micro_f1: 0.9918 ± 0.0007 [0.9912917271407837, 0.9927431059506531, 0.9912917271407837]",,"micro_f1: 0.9913 ± 0.0012 [0.9927431059506531, 0.9912917271407837, 0.9898403483309144]","micro_f1: 0.9927 ± 0.0012 [0.9941944847605225, 0.9912917271407837, 0.9927431059506531]","micro_f1: 0.9898 ± 0.0024 [0.9869375907111756, 0.9898403483309144, 0.9927431059506531]","micro_f1: 0.9874 ± 0.0055 [0.9912917271407837, 0.9796806966618288, 0.9912917271407837]",
"macro_f1: 0.9604 ± 0.0008 [0.9597811049508905, 0.9615796405455397, 0.9597811049508905]","macro_f1: 0.9524 ± 0.0015 [0.954183617384197, 0.952403870084369, 0.9506248104337276]","macro_f1: 0.9790 ± 0.0049 [0.9824120240580791, 0.9824599101001551, 0.9720045974565056]","macro_f1: 0.9715 ± 0.0035 [0.9697392470501714, 0.9764189514189514, 0.9684899527415824]",,"macro_f1: 0.9886 ± 0.0017 [0.9873887617594711, 0.9873887617594711, 0.9909846375315355]","macro_f1: 0.9814 ± 0.0125 [0.963945384917252, 0.9873887617594711, 0.9927906976744186]","macro_f1: 0.9904 ± 0.0008 [0.9909846375315355, 0.9909846375315355, 0.9891860465116279]","macro_f1: 0.9866 ± 0.0064 [0.9777507063294687, 0.98919452755105, 0.9927906976744186]",,"macro_f1: 0.9874 ± 0.0053 [0.992784614937011, 0.9802237155926723, 0.9891860465116279]","macro_f1: 0.9785 ± 0.0053 [0.9728249714179361, 0.97696369192788, 0.9856127628716461]","macro_f1: 0.9849 ± 0.0077 [0.9909919726853365, 0.9896190221142612, 0.9739800551241752]","macro_f1: 0.9898 ± 0.0009 [0.9891860465116279, 0.9909919726853365, 0.9891860465116279]",,"macro_f1: 0.9892 ± 0.0015 [0.9909846375315355, 0.9891860465116279, 0.9873887617594711]","macro_f1: 0.9910 ± 0.0015 [0.992784614937011, 0.98919452755105, 0.9909846375315355]","macro_f1: 0.9874 ± 0.0029 [0.9837977917958174, 0.9873784925441499, 0.9909846375315355]","macro_f1: 0.9849 ± 0.0060 [0.9891860465116279, 0.9764189514189514, 0.9891860465116279]",
"weighted_f1: 0.9658 ± 0.0007 [0.9653236693253453, 0.9667669826027098, 0.9653236693253453]","weighted_f1: 0.9596 ± 0.0012 [0.9610506664793226, 0.9596098533440451, 0.9581690572376789]","weighted_f1: 0.9826 ± 0.0041 [0.9854695256546213, 0.9855045566527665, 0.9768319974867521]","weighted_f1: 0.9759 ± 0.0027 [0.9740040212531096, 0.9797667217478538, 0.973962488371177]",,"weighted_f1: 0.9908 ± 0.0014 [0.9898383555911296, 0.9898383555911296, 0.9927385157513533]","weighted_f1: 0.9846 ± 0.0107 [0.9696806124060866, 0.9898383555911296, 0.994192122050832]","weighted_f1: 0.9923 ± 0.0007 [0.9927385157513533, 0.9927385157513533, 0.9912881830762481]","weighted_f1: 0.9889 ± 0.0056 [0.9812011407649447, 0.9912917271407837, 0.994192122050832]",,"weighted_f1: 0.9898 ± 0.0043 [0.9941894175394006, 0.9840469855205227, 0.9912881830762481]","weighted_f1: 0.9817 ± 0.0049 [0.9768756191397701, 0.9797689003589258, 0.9883963790256292]","weighted_f1: 0.9870 ± 0.0071 [0.9927416825650927, 0.9912823527209916, 0.9769087800592249]","weighted_f1: 0.9918 ± 0.0007 [0.9912881830762481, 0.9927416825650927, 0.9912881830762481]",,"weighted_f1: 0.9913 ± 0.0012 [0.9927385157513533, 0.9912881830762481, 0.9898383555911296]","weighted_f1: 0.9927 ± 0.0012 [0.9941894175394006, 0.9912917271407837, 0.9927385157513533]","weighted_f1: 0.9898 ± 0.0024 [0.9869399612294881, 0.9898339220518947, 0.9927385157513533]","weighted_f1: 0.9874 ± 0.0054 [0.9912881830762481, 0.9797667217478538, 0.9912881830762481]",
"accuracy: 0.9657 ± 0.0007 [0.965166908563135, 0.9666182873730044, 0.965166908563135]","accuracy: 0.9594 ± 0.0012 [0.9608127721335269, 0.9593613933236574, 0.9579100145137881]","accuracy: 0.9826 ± 0.0041 [0.9854862119013063, 0.9854862119013063, 0.97677793904209]","accuracy: 0.9758 ± 0.0027 [0.9738751814223512, 0.9796806966618288, 0.9738751814223512]",,"accuracy: 0.9908 ± 0.0014 [0.9898403483309144, 0.9898403483309144, 0.9927431059506531]","accuracy: 0.9845 ± 0.0108 [0.969521044992743, 0.9898403483309144, 0.9941944847605225]","accuracy: 0.9923 ± 0.0007 [0.9927431059506531, 0.9927431059506531, 0.9912917271407837]","accuracy: 0.9889 ± 0.0056 [0.9811320754716981, 0.9912917271407837, 0.9941944847605225]",,"accuracy: 0.9898 ± 0.0043 [0.9941944847605225, 0.9840348330914369, 0.9912917271407837]","accuracy: 0.9816 ± 0.0049 [0.97677793904209, 0.9796806966618288, 0.988388969521045]","accuracy: 0.9869 ± 0.0072 [0.9927431059506531, 0.9912917271407837, 0.97677793904209]","accuracy: 0.9918 ± 0.0007 [0.9912917271407837, 0.9927431059506531, 0.9912917271407837]",,"accuracy: 0.9913 ± 0.0012 [0.9927431059506531, 0.9912917271407837, 0.9898403483309144]","accuracy: 0.9927 ± 0.0012 [0.9941944847605225, 0.9912917271407837, 0.9927431059506531]","accuracy: 0.9898 ± 0.0024 [0.9869375907111756, 0.9898403483309144, 0.9927431059506531]","accuracy: 0.9874 ± 0.0055 [0.9912917271407837, 0.9796806966618288, 0.9912917271407837]",
,,,,,,,,,,,,,,,,,,,
tcfd_recommendations:,tcfd_recommendations:,tcfd_recommendations:,tcfd_recommendations:,,tcfd_recommendations:,tcfd_recommendations:,tcfd_recommendations:,tcfd_recommendations:,,tcfd_recommendations:,tcfd_recommendations:,tcfd_recommendations:,tcfd_recommendations:,,tcfd_recommendations:,tcfd_recommendations:,tcfd_recommendations:,tcfd_recommendations:,
"micro_f1: 0.5908 ± 0.0047 [0.5875, 0.5875, 0.5975]","micro_f1: 0.6083 ± 0.0031 [0.6075, 0.6125, 0.605]","micro_f1: 0.6450 ± 0.0035 [0.6475, 0.6475, 0.64]","micro_f1: 0.6692 ± 0.0051 [0.6625, 0.675, 0.67]",,"micro_f1: 0.7158 ± 0.0096 [0.72, 0.725, 0.7025]","micro_f1: 0.6933 ± 0.0077 [0.6825, 0.6975, 0.7]","micro_f1: 0.7025 ± 0.0141 [0.7225, 0.6925, 0.6925]","micro_f1: 0.6942 ± 0.0133 [0.6775, 0.695, 0.71]",,"micro_f1: 0.6983 ± 0.0051 [0.6975, 0.6925, 0.705]","micro_f1: 0.7083 ± 0.0062 [0.7, 0.715, 0.71]","micro_f1: 0.7067 ± 0.0066 [0.7125, 0.6975, 0.71]","micro_f1: 0.7050 ± 0.0215 [0.7075, 0.73, 0.6775]",,"micro_f1: 0.6908 ± 0.0062 [0.6925, 0.6825, 0.6975]","micro_f1: 0.7008 ± 0.0077 [0.705, 0.7075, 0.69]","micro_f1: 0.7092 ± 0.0031 [0.7125, 0.71, 0.705]","micro_f1: 0.7208 ± 0.0066 [0.715, 0.7175, 0.73]",
"macro_f1: 0.3798 ± 0.0058 [0.37827454504715297, 0.3735361681329423, 0.38751850758842654]","macro_f1: 0.4060 ± 0.0166 [0.3975277526679547, 0.429157705579052, 0.39118158333132136]","macro_f1: 0.5306 ± 0.0052 [0.5355308761850817, 0.5328574956539869, 0.5233428540744227]","macro_f1: 0.5509 ± 0.0145 [0.5314384069190015, 0.5663434685545238, 0.5548496751875192]",,"macro_f1: 0.6291 ± 0.0125 [0.633786067128036, 0.6415370516925243, 0.611954943393499]","macro_f1: 0.5985 ± 0.0070 [0.5899651787765935, 0.5986161765941813, 0.6070179045820348]","macro_f1: 0.6303 ± 0.0125 [0.6478100648362929, 0.6196324971887368, 0.6233506603921484]","macro_f1: 0.6006 ± 0.0066 [0.5937713285907564, 0.5984468192688268, 0.6094825311161427]",,"macro_f1: 0.6295 ± 0.0096 [0.6202152319451516, 0.6254602253434172, 0.6427518464068429]","macro_f1: 0.6428 ± 0.0138 [0.6245456843342584, 0.6577524691287789, 0.6461719131931898]","macro_f1: 0.6382 ± 0.0150 [0.6528953616873896, 0.6175225051985469, 0.6440352604208316]","macro_f1: 0.6267 ± 0.0269 [0.6148856433765217, 0.6639336074855475, 0.6011610189021356]",,"macro_f1: 0.6198 ± 0.0107 [0.6241101878841808, 0.6051219951855135, 0.6302356892361907]","macro_f1: 0.6218 ± 0.0067 [0.6202386784445363, 0.6307165560987297, 0.6145812469106617]","macro_f1: 0.6364 ± 0.0053 [0.6438360873918875, 0.6336550021730626, 0.6316770314533136]","macro_f1: 0.6396 ± 0.0101 [0.6298225078512815, 0.6355915739743757, 0.6535007735096083]",
"weighted_f1: 0.5396 ± 0.0051 [0.5372087256010434, 0.5348743890518084, 0.5465931029438101]","weighted_f1: 0.5646 ± 0.0085 [0.5615976035224509, 0.5761918028424831, 0.5561574398223038]","weighted_f1: 0.6321 ± 0.0042 [0.6359782669644942, 0.6341167163581561, 0.6262156738118532]","weighted_f1: 0.6530 ± 0.0065 [0.6447764880171327, 0.6606046777994014, 0.6536715015739339]",,"weighted_f1: 0.7041 ± 0.0103 [0.7093887769182458, 0.7132679362691082, 0.6896417271979298]","weighted_f1: 0.6830 ± 0.0072 [0.6729867540664418, 0.6866815984001811, 0.6893863763168895]","weighted_f1: 0.6967 ± 0.0124 [0.714230050274506, 0.6879825683281275, 0.6877415059244055]","weighted_f1: 0.6857 ± 0.0082 [0.6756353988774477, 0.6855310683530759, 0.6958346419150828]",,"weighted_f1: 0.6956 ± 0.0060 [0.6957031294965167, 0.6881456024224785, 0.7028618189545897]","weighted_f1: 0.7047 ± 0.0060 [0.6965883025730878, 0.7108701121551926, 0.7065168607987757]","weighted_f1: 0.7039 ± 0.0075 [0.7115537601604036, 0.693628437449595, 0.7064611074952977]","weighted_f1: 0.6966 ± 0.0228 [0.6926895149251411, 0.726192530842124, 0.6708299402585571]",,"weighted_f1: 0.6842 ± 0.0064 [0.6862869131559838, 0.6755384438109953, 0.6908506475124392]","weighted_f1: 0.6909 ± 0.0072 [0.6909811485801884, 0.6997695013472044, 0.6820138473992249]","weighted_f1: 0.6999 ± 0.0051 [0.7064719941657646, 0.6991331387107942, 0.6941348959034416]","weighted_f1: 0.7137 ± 0.0064 [0.7069180048386571, 0.7118074432160003, 0.7223634646921601]",
"accuracy: 0.5908 ± 0.0047 [0.5875, 0.5875, 0.5975]","accuracy: 0.6083 ± 0.0031 [0.6075, 0.6125, 0.605]","accuracy: 0.6450 ± 0.0035 [0.6475, 0.6475, 0.64]","accuracy: 0.6692 ± 0.0051 [0.6625, 0.675, 0.67]",,"accuracy: 0.7158 ± 0.0096 [0.72, 0.725, 0.7025]","accuracy: 0.6933 ± 0.0077 [0.6825, 0.6975, 0.7]","accuracy: 0.7025 ± 0.0141 [0.7225, 0.6925, 0.6925]","accuracy: 0.6942 ± 0.0133 [0.6775, 0.695, 0.71]",,"accuracy: 0.6983 ± 0.0051 [0.6975, 0.6925, 0.705]","accuracy: 0.7083 ± 0.0062 [0.7, 0.715, 0.71]","accuracy: 0.7067 ± 0.0066 [0.7125, 0.6975, 0.71]","accuracy: 0.7050 ± 0.0215 [0.7075, 0.73, 0.6775]",,"accuracy: 0.6908 ± 0.0062 [0.6925, 0.6825, 0.6975]","accuracy: 0.7008 ± 0.0077 [0.705, 0.7075, 0.69]","accuracy: 0.7092 ± 0.0031 [0.7125, 0.71, 0.705]","accuracy: 0.7208 ± 0.0066 [0.715, 0.7175, 0.73]",
,,,,,,,,,,,,,,,,,,,
water_forest_biodiversity_nature:,water_forest_biodiversity_nature:,water_forest_biodiversity_nature:,water_forest_biodiversity_nature:,,water_forest_biodiversity_nature:,water_forest_biodiversity_nature:,water_forest_biodiversity_nature:,water_forest_biodiversity_nature:,,,water_forest_biodiversity_nature:,water_forest_biodiversity_nature:,water_forest_biodiversity_nature:,water_forest_biodiversity_nature:,,water_forest_biodiversity_nature:,water_forest_biodiversity_nature:,water_forest_biodiversity_nature:,water_forest_biodiversity_nature:
"micro_f1: 0.7606 ± 0.0121 [0.7600849256900213, 0.7459807073954984, 0.7757201646090535]","micro_f1: 0.6480 ± 0.0354 [0.6919642857142857, 0.6466512702078522, 0.6052631578947368]","micro_f1: 0.9143 ± 0.0012 [0.9133398247322297, 0.9135082604470359, 0.916015625]","micro_f1: 0.8926 ± 0.0160 [0.9048086359175662, 0.9029126213592233, 0.8699902248289345]",,"micro_f1: 0.9522 ± 0.0086 [0.94716618635927, 0.9451395572666025, 0.9643201542912246]","micro_f1: 0.9654 ± 0.0047 [0.9692307692307692, 0.9587727708533078, 0.9682386910490857]","micro_f1: 0.9721 ± 0.0008 [0.9731285988483686, 0.9720885466794995, 0.9710982658959537]","micro_f1: 0.9714 ± 0.0028 [0.9742612011439467, 0.972407231208373, 0.9675572519083969]",,,"micro_f1: 0.9621 ± 0.0025 [0.9615384615384616, 0.9653846153846154, 0.9594594594594594]","micro_f1: 0.9685 ± 0.0060 [0.976878612716763, 0.9653179190751445, 0.9631782945736435]","micro_f1: 0.9770 ± 0.0016 [0.9769673704414588, 0.9750479846449136, 0.9790076335877863]","micro_f1: 0.9795 ± 0.0029 [0.983638113570741, 0.9770114942528736, 0.9779904306220095]",,"micro_f1: 0.9735 ± 0.0019 [0.9759384023099134, 0.9731800766283525, 0.9713740458015268]","micro_f1: 0.9791 ± 0.0008 [0.9797101449275363, 0.9797492767598843, 0.9779482262703739]","micro_f1: 0.9759 ± 0.0037 [0.971042471042471, 0.9798270893371758, 0.976878612716763]","micro_f1: 0.9804 ± 0.0016 [0.9826254826254827, 0.9798657718120806, 0.9788461538461538]"
"macro_f1: 0.6987 ± 0.0261 [0.7016519972939832, 0.6653508887831862, 0.7290107929136567]","macro_f1: 0.4699 ± 0.0840 [0.5748441103244973, 0.4658335725825288, 0.3691674693592852]","macro_f1: 0.9060 ± 0.0019 [0.9045272936798536, 0.904796357849758, 0.9087833152375799]","macro_f1: 0.8748 ± 0.0181 [0.8892002250792488, 0.8858870407806207, 0.8493427316323598]",,"macro_f1: 0.9442 ± 0.0116 [0.9380079193719375, 0.9341343030680118, 0.9605538499990047]","macro_f1: 0.9618 ± 0.0067 [0.9671176971429918, 0.9523657636759194, 0.965959632339452]","macro_f1: 0.9706 ± 0.0010 [0.9719084916575325, 0.9701989429508733, 0.9696212167484031]","macro_f1: 0.9698 ± 0.0035 [0.973588483861114, 0.9705871626064856, 0.965240144552806]",,,"macro_f1: 0.9571 ± 0.0033 [0.9556250218965512, 0.9616081145374111, 0.9540596170713067]","macro_f1: 0.9670 ± 0.0064 [0.9758920861138194, 0.9637455350409138, 0.9613623309708934]","macro_f1: 0.9756 ± 0.0019 [0.9745580940441975, 0.9739353947667376, 0.9782269608799453]","macro_f1: 0.9788 ± 0.0030 [0.9827486495084217, 0.975518628696757, 0.97819829995542]",,"macro_f1: 0.9726 ± 0.0018 [0.9748716305750253, 0.972429219093822, 0.9704605577270988]","macro_f1: 0.9784 ± 0.0017 [0.9778975962316976, 0.9806153646728335, 0.9766106586194773]","macro_f1: 0.9756 ± 0.0043 [0.9695505304215027, 0.9796689125171071, 0.9774846097088234]","macro_f1: 0.9789 ± 0.0020 [0.9816535224942199, 0.9781484196737457, 0.9770064691175896]"
"weighted_f1: 0.7486 ± 0.0170 [0.7482429788858875, 0.727950023837097, 0.7695089521659305]","weighted_f1: 0.5858 ± 0.0582 [0.6587817373013405, 0.5824156129447863, 0.5162625269998055]","weighted_f1: 0.9141 ± 0.0012 [0.9131494572564671, 0.9133696957959218, 0.9157800340298151]","weighted_f1: 0.8918 ± 0.0163 [0.9043046982961618, 0.9022933685878214, 0.868736166198883]",,"weighted_f1: 0.9520 ± 0.0087 [0.9469452474031607, 0.9448436626905309, 0.9642371430539668]","weighted_f1: 0.9654 ± 0.0048 [0.9692177719606454, 0.9586501488690182, 0.9682201332024364]","weighted_f1: 0.9721 ± 0.0008 [0.9731166162950272, 0.9720800696949096, 0.9710714674191933]","weighted_f1: 0.9714 ± 0.0028 [0.9742618932532172, 0.9724101141962598, 0.9675287525326215]",,,"weighted_f1: 0.9620 ± 0.0024 [0.9613054892424986, 0.9652333228187016, 0.959356682870048]","weighted_f1: 0.9684 ± 0.0060 [0.9768262523849514, 0.965277886399653, 0.963063745929757]","weighted_f1: 0.9770 ± 0.0016 [0.9769734381352623, 0.9750275981684319, 0.9789742116243707]","weighted_f1: 0.9795 ± 0.0029 [0.9836260754180461, 0.9769848077793973, 0.9780049204305178]",,"weighted_f1: 0.9735 ± 0.0019 [0.9759283508737895, 0.973180941333038, 0.971363398918007]","weighted_f1: 0.9791 ± 0.0008 [0.9796624562639095, 0.9797545889290334, 0.9779515734046723]","weighted_f1: 0.9759 ± 0.0036 [0.971013041141624, 0.9797947071661909, 0.9768561915428643]","weighted_f1: 0.9805 ± 0.0016 [0.9826243028848796, 0.9798886745702194, 0.9788473556722685]"
,,,,,,,,,,,,,,,,,,,
wximpactbench:,wximpactbench:,wximpactbench:,wximpactbench:,,wximpactbench:,wximpactbench:,wximpactbench:,wximpactbench:,,,wximpactbench:,wximpactbench:,wximpactbench:,wximpactbench:,,wximpactbench:,wximpactbench:,wximpactbench:,wximpactbench:
"micro_f1: 0.0523 ± 0.0370 [0.078125, 0.0, 0.07874015748031496]","micro_f1: 0.0872 ± 0.0620 [0.12307692307692308, 0.13846153846153847, 0.0]","micro_f1: 0.2671 ± 0.0857 [0.2676056338028169, 0.3717948717948718, 0.16176470588235295]","micro_f1: 0.3593 ± 0.0816 [0.2553191489361702, 0.45454545454545453, 0.36809815950920244]",,"micro_f1: 0.5185 ± 0.0452 [0.5510204081632653, 0.55, 0.45454545454545453]","micro_f1: 0.5337 ± 0.0103 [0.5212765957446809, 0.5463917525773195, 0.5333333333333333]","micro_f1: 0.4811 ± 0.0271 [0.44970414201183434, 0.5157894736842106, 0.4777777777777778]","micro_f1: 0.5125 ± 0.0471 [0.48863636363636365, 0.5781990521327014, 0.47058823529411764]",,,"micro_f1: 0.5083 ± 0.0244 [0.4787234042553192, 0.5384615384615384, 0.5076142131979695]","micro_f1: 0.5691 ± 0.0187 [0.5589519650655022, 0.5953488372093023, 0.5529953917050692]","micro_f1: 0.5388 ± 0.0245 [0.5123152709359606, 0.5327102803738317, 0.5714285714285714]","micro_f1: 0.5221 ± 0.0565 [0.5333333333333333, 0.5849056603773585, 0.4479166666666667]",,"micro_f1: 0.5339 ± 0.0294 [0.5408163265306123, 0.5660377358490566, 0.494949494949495]","micro_f1: 0.5803 ± 0.0136 [0.5915492957746479, 0.5610859728506787, 0.5882352941176471]","micro_f1: 0.5669 ± 0.0230 [0.5916666666666667, 0.5363636363636364, 0.5727699530516432]","micro_f1: 0.5683 ± 0.0290 [0.5893719806763285, 0.5882352941176471, 0.527363184079602]"
"macro_f1: 0.0200 ± 0.0142 [0.029761904761904764, 0.0, 0.030303030303030304]","macro_f1: 0.0326 ± 0.0231 [0.04597701149425287, 0.05172413793103448, 0.0]","macro_f1: 0.0964 ± 0.0346 [0.09047619047619047, 0.14148550724637682, 0.057291666666666664]","macro_f1: 0.1280 ± 0.0428 [0.08695652173913043, 0.18704212454212454, 0.10989010989010989]",,"macro_f1: 0.2399 ± 0.0621 [0.2711160004889378, 0.2953625894802366, 0.1531903190319032]","macro_f1: 0.2697 ± 0.0327 [0.24526477257569693, 0.31587894795998656, 0.2478736520124226]","macro_f1: 0.2097 ± 0.0541 [0.15933528836754643, 0.28479715485160134, 0.1848433682540901]","macro_f1: 0.2039 ± 0.0499 [0.1657329598506069, 0.27432659932659936, 0.17149122807017544]",,,"macro_f1: 0.2178 ± 0.0437 [0.16727272727272727, 0.2738095238095238, 0.21235313042335593]","macro_f1: 0.3642 ± 0.0444 [0.38380880831741226, 0.4061166133119915, 0.3026890526890527]","macro_f1: 0.3334 ± 0.0329 [0.2887141343023696, 0.3444933255123625, 0.36688311688311687]","macro_f1: 0.2790 ± 0.1188 [0.3130057385512794, 0.4044031647746818, 0.11944444444444445]",,"macro_f1: 0.3294 ± 0.0681 [0.34482048218607364, 0.4039812908369609, 0.2393560606060606]","macro_f1: 0.4328 ± 0.0110 [0.44591625638536386, 0.418995093995094, 0.43335945831804873]","macro_f1: 0.4312 ± 0.0098 [0.442820686938334, 0.43186739059337825, 0.4187686331353573]","macro_f1: 0.3755 ± 0.0825 [0.4187722987533234, 0.4477422109194555, 0.25995246583481874]"
"weighted_f1: 0.0486 ± 0.0344 [0.07231404958677685, 0.0, 0.07362885048835463]","weighted_f1: 0.0791 ± 0.0562 [0.11171273867198632, 0.12567683100598462, 0.0]","weighted_f1: 0.2199 ± 0.0659 [0.21983471074380165, 0.30065576715774345, 0.13920454545454544]","weighted_f1: 0.2799 ± 0.0620 [0.21128278835788716, 0.36149078194532736, 0.2670057215511761]",,"weighted_f1: 0.4225 ± 0.0629 [0.4628462846284629, 0.47110138821368763, 0.33364700106374273]","weighted_f1: 0.4445 ± 0.0201 [0.42610597958191543, 0.4724345284927503, 0.4350955855410013]","weighted_f1: 0.3851 ± 0.0455 [0.34356898766389565, 0.4484050354908749, 0.3634083368985636]","weighted_f1: 0.3932 ± 0.0511 [0.3554644998495266, 0.4654436931296435, 0.35882992605480646]",,,"weighted_f1: 0.3979 ± 0.0433 [0.3469271224643126, 0.45277449822904364, 0.39409319475756033]","weighted_f1: 0.5211 ± 0.0317 [0.5327129974996263, 0.5527221219066139, 0.4777313000453497]","weighted_f1: 0.4887 ± 0.0251 [0.4543507150459022, 0.4981903942201204, 0.513648885549712]","weighted_f1: 0.4465 ± 0.1138 [0.49124128655351706, 0.5579680850156505, 0.29022038567493114]",,"weighted_f1: 0.4823 ± 0.0487 [0.49020284049609564, 0.5375454915584421, 0.4191040570999249]","weighted_f1: 0.5612 ± 0.0104 [0.5722706956854129, 0.5473120791302609, 0.5640085932263389]","weighted_f1: 0.5507 ± 0.0151 [0.5709893790107694, 0.5347375064993438, 0.5463837633309271]","weighted_f1: 0.5276 ± 0.0578 [0.5625843803506231, 0.5740350054767448, 0.44617787009619775]"
,,,,,,,,,,,,,,,,,,,
,,,,,,,,,,,,,,,,,,,
,,,,,,,,,,,,,,,,,,,
,,,,,,,,,,,,,,,,,,,
,,,,,,,,,,,,,,,,,,,
,,,,,,,,,,,,,,,,,,,
,,,,,,,,,,,,,,,,,,,
,,,,,,,,,,,,,,,,,,,
,,,,,,,,,,,,,,,,,,,
,,,,,,,,,,,,,,,,,,,
,,,,,,,,,,,,,,,,,,,
,,,,,,,,,,,,,,,,,,,
,Statistical significance check,,,,,,,,,,,,,,,,,,
,"Does synthetic data help (ablated control) - report the average stats from each benchmark

subtraction from the base-model ",,,,,,,,,,,,,,,,,,
,Does fineweb data help,,,,,,,,,,,,,,,,,,
,Finetune full checkpoint on modernBERT [huggingface one],,,,,,,,,,,,,,,,,,
,Model Merge - does it help,,,,,,,,,,,,,,,,,,
,"causal impact test - computing the data favor for the specific benchmark (adding newspaper to continued pretraining, and test on WxImpactBench)",,,,,,,,,,,,,,,,,,
,Student's t test or will-coxon test,,,,,,,,,,,,,,,,,,