Merge_method,Component,Task,Metric,N,Mean_Component,Mean_Merge,Delta,Paired_t_p,Wilcoxon_p,Cohens_d,Direction
Merge_avg,MARK+LRD,clim_retrieve,f1,3,0.8410,0.8355,-0.0055,0.7662,1.0000,-0.20,mixed
Merge_avg,MARK+LRD,climate_commitments_actions,f1,3,0.7010,0.6653,-0.0357,0.3647,0.5000,-0.67,mixed
Merge_avg,MARK+LRD,climate_detection,f1,3,0.9363,0.9540,+0.0177,0.0184,0.2500,4.20,all_B>A
Merge_avg,MARK+LRD,climate_specificity,f1,3,0.6655,0.7093,+0.0439,0.1276,0.2500,1.46,all_B>A
Merge_avg,MARK+LRD,climate_sentiment,macro_f1,3,0.7768,0.7668,-0.0099,0.5062,0.5000,-0.46,mixed
Merge_avg,MARK+LRD,netzero_reduction,macro_f1,3,0.9707,0.9892,+0.0185,0.1620,0.2500,1.25,all_B>A
Merge_avg,MARK+LRD,tcfd_recommendations,macro_f1,3,0.6106,0.6410,+0.0304,0.2498,0.5000,0.93,mixed
Merge_avg,MARK+LRD,water_forest_biodiversity_nature,macro_f1,3,0.9694,0.9731,+0.0037,0.0685,0.2500,2.09,all_B>A
Merge_avg,MARK+LRD,wximpactbench,macro_f1,3,0.2574,0.3368,+0.0794,0.1457,0.2500,1.34,all_B>A
Merge_avg,FWEdu+LRD,clim_retrieve,f1,3,0.8418,0.8355,-0.0063,0.7949,0.7500,-0.17,mixed
Merge_avg,FWEdu+LRD,climate_commitments_actions,f1,3,0.6796,0.6653,-0.0143,0.6420,0.7500,-0.31,mixed
Merge_avg,FWEdu+LRD,climate_detection,f1,3,0.9535,0.9540,+0.0005,0.9110,0.7500,0.07,mixed
Merge_avg,FWEdu+LRD,climate_specificity,f1,3,0.6951,0.7093,+0.0142,0.3117,0.5000,0.77,mixed
Merge_avg,FWEdu+LRD,climate_sentiment,macro_f1,3,0.7693,0.7668,-0.0024,0.7745,0.7500,-0.19,mixed
Merge_avg,FWEdu+LRD,netzero_reduction,macro_f1,3,0.9892,0.9892,+0.0000,NaN,NaN,nan,identical
Merge_avg,FWEdu+LRD,tcfd_recommendations,macro_f1,3,0.5959,0.6410,+0.0451,0.0545,0.2500,2.37,all_B>A
Merge_avg,FWEdu+LRD,water_forest_biodiversity_nature,macro_f1,3,0.9710,0.9731,+0.0021,0.3064,0.2500,0.79,all_B>A
Merge_avg,FWEdu+LRD,wximpactbench,macro_f1,3,0.2032,0.3368,+0.1336,0.0130,0.2500,5.01,all_B>A
Merge_avg,SYN+LRD,clim_retrieve,f1,3,0.8751,0.8355,-0.0396,0.2548,0.5000,-0.91,mixed
Merge_avg,SYN+LRD,climate_commitments_actions,f1,3,0.6637,0.6653,+0.0016,0.9740,1.0000,0.02,mixed
Merge_avg,SYN+LRD,climate_detection,f1,3,0.9378,0.9540,+0.0162,0.0571,0.2500,2.31,all_B>A
Merge_avg,SYN+LRD,climate_specificity,f1,3,0.6937,0.7093,+0.0156,0.4794,0.7500,0.50,mixed
Merge_avg,SYN+LRD,climate_sentiment,macro_f1,3,0.7476,0.7668,+0.0193,0.5260,0.7500,0.44,mixed
Merge_avg,SYN+LRD,netzero_reduction,macro_f1,3,0.9904,0.9892,-0.0012,0.1835,0.1573,-1.15,mixed
Merge_avg,SYN+LRD,tcfd_recommendations,macro_f1,3,0.6111,0.6410,+0.0299,0.1657,0.2500,1.24,all_B>A
Merge_avg,SYN+LRD,water_forest_biodiversity_nature,macro_f1,3,0.9651,0.9731,+0.0080,0.0678,0.2500,2.10,all_B>A
Merge_avg,SYN+LRD,wximpactbench,macro_f1,3,0.2498,0.3368,+0.0869,0.1128,0.2500,1.57,all_B>A
DARE_TIES_D05,MARK+LRD,clim_retrieve,f1,3,0.8410,0.8634,+0.0225,0.5191,0.7500,0.45,mixed
DARE_TIES_D05,MARK+LRD,climate_commitments_actions,f1,3,0.7010,0.6720,-0.0291,0.0434,0.2500,-2.68,all_B<A
DARE_TIES_D05,MARK+LRD,climate_detection,f1,3,0.9363,0.9480,+0.0117,0.0287,0.2500,3.33,all_B>A
DARE_TIES_D05,MARK+LRD,climate_specificity,f1,3,0.6655,0.6919,+0.0264,0.0158,0.2500,4.54,all_B>A
DARE_TIES_D05,MARK+LRD,climate_sentiment,macro_f1,3,0.7768,0.7829,+0.0061,0.4261,0.5000,0.57,mixed
DARE_TIES_D05,MARK+LRD,netzero_reduction,macro_f1,3,0.9707,0.9886,+0.0179,0.1343,0.2500,1.41,all_B>A
DARE_TIES_D05,MARK+LRD,tcfd_recommendations,macro_f1,3,0.6106,0.5784,-0.0322,0.1406,0.2500,-1.37,all_B<A
DARE_TIES_D05,MARK+LRD,water_forest_biodiversity_nature,macro_f1,3,0.9694,0.9712,+0.0017,0.1973,0.2500,1.10,all_B>A
DARE_TIES_D05,MARK+LRD,wximpactbench,macro_f1,3,0.2574,0.2685,+0.0111,0.6720,0.7500,0.28,mixed
DARE_TIES_D05,FWEdu+LRD,clim_retrieve,f1,3,0.8418,0.8634,+0.0217,0.4199,0.5000,0.58,mixed
DARE_TIES_D05,FWEdu+LRD,climate_commitments_actions,f1,3,0.6796,0.6720,-0.0076,0.6300,0.5000,-0.33,mixed
DARE_TIES_D05,FWEdu+LRD,climate_detection,f1,3,0.9535,0.9480,-0.0055,0.1057,0.2500,-1.63,all_B<A
DARE_TIES_D05,FWEdu+LRD,climate_specificity,f1,3,0.6951,0.6919,-0.0032,0.8292,1.0000,-0.14,mixed
DARE_TIES_D05,FWEdu+LRD,climate_sentiment,macro_f1,3,0.7693,0.7829,+0.0136,0.0208,0.2500,3.94,all_B>A
DARE_TIES_D05,FWEdu+LRD,netzero_reduction,macro_f1,3,0.9892,0.9886,-0.0006,0.6694,1.0000,-0.29,mixed
DARE_TIES_D05,FWEdu+LRD,tcfd_recommendations,macro_f1,3,0.5959,0.5784,-0.0175,0.0627,0.2500,-2.20,all_B<A
DARE_TIES_D05,FWEdu+LRD,water_forest_biodiversity_nature,macro_f1,3,0.9710,0.9712,+0.0002,0.9338,1.0000,0.05,mixed
DARE_TIES_D05,FWEdu+LRD,wximpactbench,macro_f1,3,0.2032,0.2685,+0.0653,0.1493,0.2500,1.32,all_B>A
DARE_TIES_D05,SYN+LRD,clim_retrieve,f1,3,0.8751,0.8634,-0.0116,0.4821,0.5000,-0.49,mixed
DARE_TIES_D05,SYN+LRD,climate_commitments_actions,f1,3,0.6637,0.6720,+0.0083,0.7336,0.7500,0.23,mixed
DARE_TIES_D05,SYN+LRD,climate_detection,f1,3,0.9378,0.9480,+0.0102,0.0004,0.2500,28.38,all_B>A
DARE_TIES_D05,SYN+LRD,climate_specificity,f1,3,0.6937,0.6919,-0.0018,0.7433,0.7500,-0.22,mixed
DARE_TIES_D05,SYN+LRD,climate_sentiment,macro_f1,3,0.7476,0.7829,+0.0353,0.2180,0.5000,1.02,mixed
DARE_TIES_D05,SYN+LRD,netzero_reduction,macro_f1,3,0.9904,0.9886,-0.0018,0.2257,0.1797,-1.00,mixed
DARE_TIES_D05,SYN+LRD,tcfd_recommendations,macro_f1,3,0.6111,0.5784,-0.0327,0.0511,0.2500,-2.45,all_B<A
DARE_TIES_D05,SYN+LRD,water_forest_biodiversity_nature,macro_f1,3,0.9651,0.9712,+0.0061,0.0769,0.2500,1.96,all_B>A
DARE_TIES_D05,SYN+LRD,wximpactbench,macro_f1,3,0.2498,0.2685,+0.0187,0.6108,0.5000,0.34,mixed
DARE_TIES_D07,MARK+LRD,clim_retrieve,f1,3,0.8410,0.8549,+0.0139,0.4927,0.7500,0.48,mixed
DARE_TIES_D07,MARK+LRD,climate_commitments_actions,f1,3,0.7010,0.6332,-0.0679,0.0040,0.2500,-9.08,all_B<A
DARE_TIES_D07,MARK+LRD,climate_detection,f1,3,0.9363,0.9473,+0.0109,0.0131,0.2500,5.00,all_B>A
DARE_TIES_D07,MARK+LRD,climate_specificity,f1,3,0.6655,0.6764,+0.0109,0.2424,0.5000,0.95,mixed
DARE_TIES_D07,MARK+LRD,climate_sentiment,macro_f1,3,0.7768,0.7405,-0.0362,0.1586,0.2500,-1.27,all_B<A
DARE_TIES_D07,MARK+LRD,netzero_reduction,macro_f1,3,0.9707,0.9892,+0.0185,0.1889,0.5000,1.13,mixed
DARE_TIES_D07,MARK+LRD,tcfd_recommendations,macro_f1,3,0.6106,0.6155,+0.0050,0.4129,0.5000,0.59,mixed
DARE_TIES_D07,MARK+LRD,water_forest_biodiversity_nature,macro_f1,3,0.9694,0.9696,+0.0002,0.9549,1.0000,0.04,mixed
DARE_TIES_D07,MARK+LRD,wximpactbench,macro_f1,3,0.2574,0.2617,+0.0044,0.6869,1.0000,0.27,mixed
DARE_TIES_D07,FWEdu+LRD,clim_retrieve,f1,3,0.8418,0.8549,+0.0131,0.4139,0.5000,0.59,mixed
DARE_TIES_D07,FWEdu+LRD,climate_commitments_actions,f1,3,0.6796,0.6332,-0.0464,0.0763,0.2500,-1.97,all_B<A
DARE_TIES_D07,FWEdu+LRD,climate_detection,f1,3,0.9535,0.9473,-0.0062,0.0257,0.2500,-3.53,all_B<A
DARE_TIES_D07,FWEdu+LRD,climate_specificity,f1,3,0.6951,0.6764,-0.0187,0.3228,0.5000,-0.75,mixed
DARE_TIES_D07,FWEdu+LRD,climate_sentiment,macro_f1,3,0.7693,0.7405,-0.0287,0.2140,0.5000,-1.04,mixed
DARE_TIES_D07,FWEdu+LRD,netzero_reduction,macro_f1,3,0.9892,0.9892,+0.0000,0.9997,0.6547,0.00,mixed
DARE_TIES_D07,FWEdu+LRD,tcfd_recommendations,macro_f1,3,0.5959,0.6155,+0.0197,0.3812,0.5000,0.64,mixed
DARE_TIES_D07,FWEdu+LRD,water_forest_biodiversity_nature,macro_f1,3,0.9710,0.9696,-0.0013,0.5669,0.7500,-0.39,mixed
DARE_TIES_D07,FWEdu+LRD,wximpactbench,macro_f1,3,0.2032,0.2617,+0.0586,0.1280,0.2500,1.45,all_B>A
DARE_TIES_D07,SYN+LRD,clim_retrieve,f1,3,0.8751,0.8549,-0.0202,0.3246,0.5000,-0.75,mixed
DARE_TIES_D07,SYN+LRD,climate_commitments_actions,f1,3,0.6637,0.6332,-0.0305,0.3013,0.2500,-0.80,all_B<A
DARE_TIES_D07,SYN+LRD,climate_detection,f1,3,0.9378,0.9473,+0.0095,0.0079,0.2500,6.44,all_B>A
DARE_TIES_D07,SYN+LRD,climate_specificity,f1,3,0.6937,0.6764,-0.0173,0.1662,0.2500,-1.23,all_B<A
DARE_TIES_D07,SYN+LRD,climate_sentiment,macro_f1,3,0.7476,0.7405,-0.0070,0.7961,1.0000,-0.17,mixed
DARE_TIES_D07,SYN+LRD,netzero_reduction,macro_f1,3,0.9904,0.9892,-0.0012,0.4226,0.3173,-0.58,mixed
DARE_TIES_D07,SYN+LRD,tcfd_recommendations,macro_f1,3,0.6111,0.6155,+0.0044,0.6135,0.5000,0.34,mixed
DARE_TIES_D07,SYN+LRD,water_forest_biodiversity_nature,macro_f1,3,0.9651,0.9696,+0.0046,0.3789,0.5000,0.65,mixed
DARE_TIES_D07,SYN+LRD,wximpactbench,macro_f1,3,0.2498,0.2617,+0.0119,0.8414,1.0000,0.13,mixed
TA_Lambda05,MARK+LRD,clim_retrieve,f1,3,0.8410,0.8094,-0.0315,0.2413,0.2500,-0.95,all_B<A
TA_Lambda05,MARK+LRD,climate_commitments_actions,f1,3,0.7010,0.6751,-0.0259,0.0851,0.2500,-1.85,all_B<A
TA_Lambda05,MARK+LRD,climate_detection,f1,3,0.9363,0.9466,+0.0103,0.0215,0.2500,3.88,all_B>A
TA_Lambda05,MARK+LRD,climate_specificity,f1,3,0.6655,0.6785,+0.0130,0.1308,0.2500,1.44,all_B>A
TA_Lambda05,MARK+LRD,climate_sentiment,macro_f1,3,0.7768,0.7101,-0.0667,0.0093,0.2500,-5.95,all_B<A
TA_Lambda05,MARK+LRD,netzero_reduction,macro_f1,3,0.9707,0.9910,+0.0203,0.1400,0.2500,1.38,all_B>A
TA_Lambda05,MARK+LRD,tcfd_recommendations,macro_f1,3,0.6106,0.6034,-0.0072,0.7696,0.7500,-0.19,mixed
TA_Lambda05,MARK+LRD,water_forest_biodiversity_nature,macro_f1,3,0.9694,0.9583,-0.0112,0.1323,0.2500,-1.43,all_B<A
TA_Lambda05,MARK+LRD,wximpactbench,macro_f1,3,0.2574,0.2484,-0.0090,0.6834,0.7500,-0.27,mixed
TA_Lambda05,FWEdu+LRD,clim_retrieve,f1,3,0.8418,0.8094,-0.0323,0.4621,0.7500,-0.52,mixed
TA_Lambda05,FWEdu+LRD,climate_commitments_actions,f1,3,0.6796,0.6751,-0.0045,0.3975,0.5000,-0.62,mixed
TA_Lambda05,FWEdu+LRD,climate_detection,f1,3,0.9535,0.9466,-0.0069,0.1194,0.2500,-1.52,all_B<A
TA_Lambda05,FWEdu+LRD,climate_specificity,f1,3,0.6951,0.6785,-0.0166,0.3169,0.5000,-0.76,mixed
TA_Lambda05,FWEdu+LRD,climate_sentiment,macro_f1,3,0.7693,0.7101,-0.0592,0.0004,0.2500,-30.69,all_B<A
TA_Lambda05,FWEdu+LRD,netzero_reduction,macro_f1,3,0.9892,0.9910,+0.0018,NaN,0.2500,nan,all_B>A
TA_Lambda05,FWEdu+LRD,tcfd_recommendations,macro_f1,3,0.5959,0.6034,+0.0075,0.2844,0.5000,0.84,mixed
TA_Lambda05,FWEdu+LRD,water_forest_biodiversity_nature,macro_f1,3,0.9710,0.9583,-0.0127,0.0642,0.2500,-2.17,all_B<A
TA_Lambda05,FWEdu+LRD,wximpactbench,macro_f1,3,0.2032,0.2484,+0.0452,0.3514,0.5000,0.70,mixed
TA_Lambda05,SYN+LRD,clim_retrieve,f1,3,0.8751,0.8094,-0.0656,0.3084,0.2500,-0.78,all_B<A
TA_Lambda05,SYN+LRD,climate_commitments_actions,f1,3,0.6637,0.6751,+0.0114,0.7683,1.0000,0.19,mixed
TA_Lambda05,SYN+LRD,climate_detection,f1,3,0.9378,0.9466,+0.0088,0.0443,0.2500,2.65,all_B>A
TA_Lambda05,SYN+LRD,climate_specificity,f1,3,0.6937,0.6785,-0.0153,0.1470,0.2500,-1.33,all_B<A
TA_Lambda05,SYN+LRD,climate_sentiment,macro_f1,3,0.7476,0.7101,-0.0375,0.2064,0.2500,-1.06,all_B<A
TA_Lambda05,SYN+LRD,netzero_reduction,macro_f1,3,0.9904,0.9910,+0.0006,0.4226,0.3173,0.58,mixed
TA_Lambda05,SYN+LRD,tcfd_recommendations,macro_f1,3,0.6111,0.6034,-0.0077,0.6693,0.7500,-0.29,mixed
TA_Lambda05,SYN+LRD,water_forest_biodiversity_nature,macro_f1,3,0.9651,0.9583,-0.0068,0.3513,0.5000,-0.70,mixed
TA_Lambda05,SYN+LRD,wximpactbench,macro_f1,3,0.2498,0.2484,-0.0014,0.9818,1.0000,-0.01,mixed
TA_Lambda10,MARK+LRD,clim_retrieve,f1,3,0.8410,0.8495,+0.0085,0.7499,0.7500,0.21,mixed
TA_Lambda10,MARK+LRD,climate_commitments_actions,f1,3,0.7010,0.7118,+0.0107,0.0380,0.2500,2.88,all_B>A
TA_Lambda10,MARK+LRD,climate_detection,f1,3,0.9363,0.9488,+0.0124,0.0808,0.2500,1.91,all_B>A
TA_Lambda10,MARK+LRD,climate_specificity,f1,3,0.6655,0.6845,+0.0190,0.1469,0.2500,1.33,all_B>A
TA_Lambda10,MARK+LRD,climate_sentiment,macro_f1,3,0.7768,0.7696,-0.0072,0.7640,1.0000,-0.20,mixed
TA_Lambda10,MARK+LRD,netzero_reduction,macro_f1,3,0.9707,0.9916,+0.0209,0.1417,0.2500,1.37,all_B>A
TA_Lambda10,MARK+LRD,tcfd_recommendations,macro_f1,3,0.6106,0.6134,+0.0029,0.6811,0.7500,0.27,mixed
TA_Lambda10,MARK+LRD,water_forest_biodiversity_nature,macro_f1,3,0.9694,0.9710,+0.0015,0.0727,0.2500,2.02,all_B>A
TA_Lambda10,MARK+LRD,wximpactbench,macro_f1,3,0.2574,0.2724,+0.0150,0.0836,0.2500,1.87,all_B>A
TA_Lambda10,FWEdu+LRD,clim_retrieve,f1,3,0.8418,0.8495,+0.0077,0.7383,0.7500,0.22,mixed
TA_Lambda10,FWEdu+LRD,climate_commitments_actions,f1,3,0.6796,0.7118,+0.0322,0.0904,0.2500,1.79,all_B>A
TA_Lambda10,FWEdu+LRD,climate_detection,f1,3,0.9535,0.9488,-0.0047,0.2991,0.2500,-0.80,all_B<A
TA_Lambda10,FWEdu+LRD,climate_specificity,f1,3,0.6951,0.6845,-0.0106,0.4289,0.5000,-0.57,mixed
TA_Lambda10,FWEdu+LRD,climate_sentiment,macro_f1,3,0.7693,0.7696,+0.0003,0.9898,1.0000,0.01,mixed
TA_Lambda10,FWEdu+LRD,netzero_reduction,macro_f1,3,0.9892,0.9916,+0.0024,0.0572,0.2500,2.31,all_B>A
TA_Lambda10,FWEdu+LRD,tcfd_recommendations,macro_f1,3,0.5959,0.6134,+0.0175,0.3306,0.5000,0.74,mixed
TA_Lambda10,FWEdu+LRD,water_forest_biodiversity_nature,macro_f1,3,0.9710,0.9710,+0.0000,0.9983,1.0000,0.00,mixed
TA_Lambda10,FWEdu+LRD,wximpactbench,macro_f1,3,0.2032,0.2724,+0.0692,0.0978,0.2500,1.71,all_B>A
TA_Lambda10,SYN+LRD,clim_retrieve,f1,3,0.8751,0.8495,-0.0256,0.2805,0.5000,-0.85,mixed
TA_Lambda10,SYN+LRD,climate_commitments_actions,f1,3,0.6637,0.7118,+0.0481,0.2049,0.5000,1.07,mixed
TA_Lambda10,SYN+LRD,climate_detection,f1,3,0.9378,0.9488,+0.0110,0.0258,0.2500,3.53,all_B>A
TA_Lambda10,SYN+LRD,climate_specificity,f1,3,0.6937,0.6845,-0.0092,0.4278,0.5000,-0.57,mixed
TA_Lambda10,SYN+LRD,climate_sentiment,macro_f1,3,0.7476,0.7696,+0.0220,0.5158,0.7500,0.45,mixed
TA_Lambda10,SYN+LRD,netzero_reduction,macro_f1,3,0.9904,0.9916,+0.0012,0.1835,0.1797,1.15,mixed
TA_Lambda10,SYN+LRD,tcfd_recommendations,macro_f1,3,0.6111,0.6134,+0.0023,0.7413,0.7500,0.22,mixed
TA_Lambda10,SYN+LRD,water_forest_biodiversity_nature,macro_f1,3,0.9651,0.9710,+0.0059,0.0293,0.2500,3.30,all_B>A
TA_Lambda10,SYN+LRD,wximpactbench,macro_f1,3,0.2498,0.2724,+0.0226,0.6792,0.7500,0.28,mixed
TIES_D05,MARK+LRD,clim_retrieve,f1,3,0.8410,0.8609,+0.0199,0.2687,0.2500,0.88,all_B>A
TIES_D05,MARK+LRD,climate_commitments_actions,f1,3,0.7010,0.6755,-0.0255,0.3482,0.5000,-0.70,mixed
TIES_D05,MARK+LRD,climate_detection,f1,3,0.9363,0.9362,-0.0001,0.9691,1.0000,-0.03,mixed
TIES_D05,MARK+LRD,climate_specificity,f1,3,0.6655,0.6886,+0.0231,0.0282,0.2500,3.36,all_B>A
TIES_D05,MARK+LRD,climate_sentiment,macro_f1,3,0.7768,0.7706,-0.0061,0.0236,0.2500,-3.69,all_B<A
TIES_D05,MARK+LRD,netzero_reduction,macro_f1,3,0.9707,0.9898,+0.0191,0.1631,0.2500,1.25,all_B>A
TIES_D05,MARK+LRD,tcfd_recommendations,macro_f1,3,0.6106,0.6140,+0.0034,0.6493,0.7500,0.31,mixed
TIES_D05,MARK+LRD,water_forest_biodiversity_nature,macro_f1,3,0.9694,0.9653,-0.0042,0.6826,1.0000,-0.27,mixed
TIES_D05,MARK+LRD,wximpactbench,macro_f1,3,0.2574,0.2851,+0.0277,0.5585,0.7500,0.40,mixed
TIES_D05,FWEdu+LRD,clim_retrieve,f1,3,0.8418,0.8609,+0.0191,0.2153,0.2500,1.03,all_B>A
TIES_D05,FWEdu+LRD,climate_commitments_actions,f1,3,0.6796,0.6755,-0.0041,0.9008,1.0000,-0.08,mixed
TIES_D05,FWEdu+LRD,climate_detection,f1,3,0.9535,0.9362,-0.0173,0.0611,0.2500,-2.23,all_B<A
TIES_D05,FWEdu+LRD,climate_specificity,f1,3,0.6951,0.6886,-0.0065,0.7390,1.0000,-0.22,mixed
TIES_D05,FWEdu+LRD,climate_sentiment,macro_f1,3,0.7693,0.7706,+0.0014,0.8664,0.7500,0.11,mixed
TIES_D05,FWEdu+LRD,netzero_reduction,macro_f1,3,0.9892,0.9898,+0.0006,0.4226,0.3173,0.58,mixed
TIES_D05,FWEdu+LRD,tcfd_recommendations,macro_f1,3,0.5959,0.6140,+0.0181,0.2827,0.2500,0.84,all_B>A
TIES_D05,FWEdu+LRD,water_forest_biodiversity_nature,macro_f1,3,0.9710,0.9653,-0.0057,0.6030,1.0000,-0.35,mixed
TIES_D05,FWEdu+LRD,wximpactbench,macro_f1,3,0.2032,0.2851,+0.0819,0.1153,0.2500,1.55,all_B>A
TIES_D05,SYN+LRD,clim_retrieve,f1,3,0.8751,0.8609,-0.0142,0.4987,0.7500,-0.47,mixed
TIES_D05,SYN+LRD,climate_commitments_actions,f1,3,0.6637,0.6755,+0.0119,0.2770,0.2500,0.85,all_B>A
TIES_D05,SYN+LRD,climate_detection,f1,3,0.9378,0.9362,-0.0016,0.6848,0.7500,-0.27,mixed
TIES_D05,SYN+LRD,climate_specificity,f1,3,0.6937,0.6886,-0.0052,0.3725,0.5000,-0.66,mixed
TIES_D05,SYN+LRD,climate_sentiment,macro_f1,3,0.7476,0.7706,+0.0231,0.2472,0.5000,0.93,mixed
TIES_D05,SYN+LRD,netzero_reduction,macro_f1,3,0.9904,0.9898,-0.0006,0.4226,0.3173,-0.58,mixed
TIES_D05,SYN+LRD,tcfd_recommendations,macro_f1,3,0.6111,0.6140,+0.0029,0.6410,0.7500,0.31,mixed
TIES_D05,SYN+LRD,water_forest_biodiversity_nature,macro_f1,3,0.9651,0.9653,+0.0002,0.9842,1.0000,0.01,mixed
TIES_D05,SYN+LRD,wximpactbench,macro_f1,3,0.2498,0.2851,+0.0353,0.0186,0.2500,4.17,all_B>A
TIES_D07,MARK+LRD,clim_retrieve,f1,3,0.8410,0.8509,+0.0100,0.7984,1.0000,0.17,mixed
TIES_D07,MARK+LRD,climate_commitments_actions,f1,3,0.7010,0.7186,+0.0175,0.5542,0.7500,0.41,mixed
TIES_D07,MARK+LRD,climate_detection,f1,3,0.9363,0.9490,+0.0126,0.0071,0.2500,6.84,all_B>A
TIES_D07,MARK+LRD,climate_specificity,f1,3,0.6655,0.7066,+0.0411,0.0138,0.2500,4.86,all_B>A
TIES_D07,MARK+LRD,climate_sentiment,macro_f1,3,0.7768,0.7559,-0.0208,0.2183,0.5000,-1.02,mixed
TIES_D07,MARK+LRD,netzero_reduction,macro_f1,3,0.9707,0.9904,+0.0197,0.1146,0.2500,1.55,all_B>A
TIES_D07,MARK+LRD,tcfd_recommendations,macro_f1,3,0.6106,0.5965,-0.0141,0.2621,0.5000,-0.89,mixed
TIES_D07,MARK+LRD,water_forest_biodiversity_nature,macro_f1,3,0.9694,0.9671,-0.0024,0.8296,1.0000,-0.14,mixed
TIES_D07,MARK+LRD,wximpactbench,macro_f1,3,0.2574,0.2694,+0.0120,0.3327,0.5000,0.73,mixed
TIES_D07,FWEdu+LRD,clim_retrieve,f1,3,0.8418,0.8509,+0.0092,0.6721,1.0000,0.28,mixed
TIES_D07,FWEdu+LRD,climate_commitments_actions,f1,3,0.6796,0.7186,+0.0390,0.3134,0.5000,0.77,mixed
TIES_D07,FWEdu+LRD,climate_detection,f1,3,0.9535,0.9490,-0.0045,0.0129,0.2500,-5.03,all_B<A
TIES_D07,FWEdu+LRD,climate_specificity,f1,3,0.6951,0.7066,+0.0115,0.4742,0.7500,0.50,mixed
TIES_D07,FWEdu+LRD,climate_sentiment,macro_f1,3,0.7693,0.7559,-0.0134,0.3070,0.2500,-0.78,all_B<A
TIES_D07,FWEdu+LRD,netzero_reduction,macro_f1,3,0.9892,0.9904,+0.0012,0.4226,0.3173,0.58,mixed
TIES_D07,FWEdu+LRD,tcfd_recommendations,macro_f1,3,0.5959,0.5965,+0.0006,0.9705,1.0000,0.02,mixed
TIES_D07,FWEdu+LRD,water_forest_biodiversity_nature,macro_f1,3,0.9710,0.9671,-0.0039,0.6703,1.0000,-0.29,mixed
TIES_D07,FWEdu+LRD,wximpactbench,macro_f1,3,0.2032,0.2694,+0.0662,0.0952,0.2500,1.74,all_B>A
TIES_D07,SYN+LRD,clim_retrieve,f1,3,0.8751,0.8509,-0.0241,0.0440,0.2500,-2.66,all_B<A
TIES_D07,SYN+LRD,climate_commitments_actions,f1,3,0.6637,0.7186,+0.0549,0.1172,0.2500,1.53,all_B>A
TIES_D07,SYN+LRD,climate_detection,f1,3,0.9378,0.9490,+0.0112,0.0158,0.2500,4.53,all_B>A
TIES_D07,SYN+LRD,climate_specificity,f1,3,0.6937,0.7066,+0.0129,0.1782,0.2500,1.18,all_B>A
TIES_D07,SYN+LRD,climate_sentiment,macro_f1,3,0.7476,0.7559,+0.0083,0.7510,1.0000,0.21,mixed
TIES_D07,SYN+LRD,netzero_reduction,macro_f1,3,0.9904,0.9904,+0.0000,0.9983,0.6547,0.00,mixed
TIES_D07,SYN+LRD,tcfd_recommendations,macro_f1,3,0.6111,0.5965,-0.0146,0.2557,0.2500,-0.91,all_B<A
TIES_D07,SYN+LRD,water_forest_biodiversity_nature,macro_f1,3,0.9651,0.9671,+0.0020,0.8754,1.0000,0.10,mixed
TIES_D07,SYN+LRD,wximpactbench,macro_f1,3,0.2498,0.2694,+0.0195,0.6664,0.7500,0.29,mixed
