Task,Metric,Rank,Model,N_seeds,Mean,Std,Delta_from_BASE
clim_retrieve,f1,1,SYN+LRD,3,0.8751,0.0257,+0.0086
clim_retrieve,f1,2,BASE,3,0.8665,0.0234,+0.0000
clim_retrieve,f1,3,SYN+ZYDA,3,0.8647,0.0234,-0.0018
clim_retrieve,f1,4,FWEdu+MARK+SYN+LRD,3,0.8641,0.0168,-0.0024
clim_retrieve,f1,5,DARE_TIES_D05,3,0.8634,0.0112,-0.0031
clim_retrieve,f1,6,MARK+SYN,10,0.8612,0.0198,-0.0053
clim_retrieve,f1,7,TIES_D05,3,0.8609,0.0175,-0.0056
clim_retrieve,f1,8,SYN,3,0.8596,0.0146,-0.0069
clim_retrieve,f1,9,FWEdu+MARK+SYN,3,0.8596,0.0122,-0.0069
clim_retrieve,f1,10,FWEdu+MARK+SYN+ZYDA+LRD,3,0.8588,0.0060,-0.0077
clim_retrieve,f1,11,MARK+SYN+ZYDA,3,0.8580,0.0076,-0.0085
clim_retrieve,f1,12,MARK,10,0.8551,0.0109,-0.0114
clim_retrieve,f1,13,DARE_TIES_D07,3,0.8549,0.0108,-0.0116
clim_retrieve,f1,14,FWEdu,3,0.8539,0.0118,-0.0126
clim_retrieve,f1,15,TIES_D07,3,0.8509,0.0338,-0.0156
clim_retrieve,f1,16,TA_Lambda10,3,0.8495,0.0048,-0.0171
clim_retrieve,f1,17,FWEdu+LRD,3,0.8418,0.0305,-0.0247
clim_retrieve,f1,18,Merge_avg,3,0.8355,0.0199,-0.0311
clim_retrieve,f1,19,MARK+SYN+LRD,10,0.8324,0.0428,-0.0341
clim_retrieve,f1,20,FWEdu+MARK+SYN+ZYDA,3,0.8292,0.0260,-0.0373
clim_retrieve,f1,21,MARK+LRD,10,0.8106,0.1277,-0.0559
clim_retrieve,f1,22,TA_Lambda05,3,0.8094,0.0696,-0.0571
climate_commitments_actions,f1,1,TIES_D07,3,0.7186,0.0327,+0.0599
climate_commitments_actions,f1,2,MARK,10,0.7176,0.0115,+0.0589
climate_commitments_actions,f1,3,TA_Lambda10,3,0.7118,0.0142,+0.0531
climate_commitments_actions,f1,4,MARK+LRD,10,0.6870,0.0225,+0.0282
climate_commitments_actions,f1,5,MARK+SYN+ZYDA,3,0.6845,0.0069,+0.0258
climate_commitments_actions,f1,6,FWEdu+LRD,3,0.6796,0.0199,+0.0209
climate_commitments_actions,f1,7,MARK+SYN,10,0.6789,0.0143,+0.0202
climate_commitments_actions,f1,8,TIES_D05,3,0.6755,0.0301,+0.0168
climate_commitments_actions,f1,9,TA_Lambda05,3,0.6751,0.0216,+0.0164
climate_commitments_actions,f1,10,DARE_TIES_D05,3,0.6720,0.0048,+0.0133
climate_commitments_actions,f1,11,FWEdu+MARK+SYN,3,0.6709,0.0157,+0.0122
climate_commitments_actions,f1,12,SYN+ZYDA,3,0.6667,0.0081,+0.0080
climate_commitments_actions,f1,13,Merge_avg,3,0.6653,0.0453,+0.0066
climate_commitments_actions,f1,14,SYN+LRD,3,0.6637,0.0412,+0.0050
climate_commitments_actions,f1,15,SYN,3,0.6629,0.0179,+0.0042
climate_commitments_actions,f1,16,MARK+SYN+LRD,10,0.6608,0.0100,+0.0021
climate_commitments_actions,f1,17,BASE,3,0.6587,0.0155,+0.0000
climate_commitments_actions,f1,18,FWEdu+MARK+SYN+ZYDA,3,0.6564,0.0258,-0.0023
climate_commitments_actions,f1,19,FWEdu,3,0.6480,0.0418,-0.0107
climate_commitments_actions,f1,20,FWEdu+MARK+SYN+ZYDA+LRD,3,0.6456,0.0154,-0.0131
climate_commitments_actions,f1,21,DARE_TIES_D07,3,0.6332,0.0130,-0.0256
climate_commitments_actions,f1,22,FWEdu+MARK+SYN+LRD,3,0.5912,0.0279,-0.0675
climate_detection,f1,1,FWEdu+MARK+SYN+ZYDA+LRD,3,0.9601,0.0036,+0.0151
climate_detection,f1,2,Merge_avg,3,0.9540,0.0069,+0.0090
climate_detection,f1,3,FWEdu+LRD,3,0.9535,0.0002,+0.0085
climate_detection,f1,4,FWEdu+MARK+SYN+LRD,3,0.9507,0.0001,+0.0057
climate_detection,f1,5,FWEdu+MARK+SYN,3,0.9501,0.0009,+0.0050
climate_detection,f1,6,TIES_D07,3,0.9490,0.0010,+0.0039
climate_detection,f1,7,TA_Lambda10,3,0.9488,0.0058,+0.0038
climate_detection,f1,8,SYN+ZYDA,3,0.9485,0.0037,+0.0035
climate_detection,f1,9,DARE_TIES_D05,3,0.9480,0.0033,+0.0030
climate_detection,f1,10,FWEdu+MARK+SYN+ZYDA,3,0.9473,0.0128,+0.0023
climate_detection,f1,11,DARE_TIES_D07,3,0.9473,0.0018,+0.0022
climate_detection,f1,12,TA_Lambda05,3,0.9466,0.0046,+0.0016
climate_detection,f1,13,BASE,3,0.9450,0.0034,+0.0000
climate_detection,f1,14,FWEdu,3,0.9447,0.0039,-0.0004
climate_detection,f1,15,SYN,3,0.9429,0.0027,-0.0021
climate_detection,f1,16,MARK+SYN,10,0.9397,0.0065,-0.0053
climate_detection,f1,17,SYN+LRD,3,0.9378,0.0030,-0.0072
climate_detection,f1,18,MARK+LRD,10,0.9364,0.0020,-0.0086
climate_detection,f1,19,TIES_D05,3,0.9362,0.0078,-0.0088
climate_detection,f1,20,MARK+SYN+ZYDA,3,0.9356,0.0032,-0.0095
climate_detection,f1,21,MARK+SYN+LRD,10,0.9323,0.0084,-0.0127
climate_detection,f1,22,MARK,10,0.9319,0.0032,-0.0131
climate_specificity,f1,1,FWEdu+MARK+SYN+LRD,3,0.7110,0.0165,+0.0377
climate_specificity,f1,2,Merge_avg,3,0.7093,0.0250,+0.0361
climate_specificity,f1,3,FWEdu+MARK+SYN+ZYDA,3,0.7074,0.0120,+0.0341
climate_specificity,f1,4,TIES_D07,3,0.7066,0.0006,+0.0334
climate_specificity,f1,5,FWEdu+MARK+SYN+ZYDA+LRD,3,0.7015,0.0216,+0.0283
climate_specificity,f1,6,FWEdu+MARK+SYN,3,0.6998,0.0030,+0.0266
climate_specificity,f1,7,FWEdu+LRD,3,0.6951,0.0234,+0.0219
climate_specificity,f1,8,MARK+SYN+LRD,10,0.6950,0.0109,+0.0217
climate_specificity,f1,9,SYN+LRD,3,0.6937,0.0109,+0.0205
climate_specificity,f1,10,DARE_TIES_D05,3,0.6919,0.0026,+0.0187
climate_specificity,f1,11,MARK,10,0.6894,0.0171,+0.0162
climate_specificity,f1,12,MARK+SYN+ZYDA,3,0.6891,0.0191,+0.0159
climate_specificity,f1,13,SYN+ZYDA,3,0.6886,0.0093,+0.0154
climate_specificity,f1,14,TIES_D05,3,0.6886,0.0112,+0.0153
climate_specificity,f1,15,SYN,3,0.6856,0.0028,+0.0123
climate_specificity,f1,16,TA_Lambda10,3,0.6845,0.0080,+0.0112
climate_specificity,f1,17,FWEdu,3,0.6802,0.0182,+0.0070
climate_specificity,f1,18,TA_Lambda05,3,0.6785,0.0019,+0.0052
climate_specificity,f1,19,MARK+SYN,10,0.6765,0.0097,+0.0033
climate_specificity,f1,20,DARE_TIES_D07,3,0.6764,0.0032,+0.0031
climate_specificity,f1,21,MARK+LRD,10,0.6733,0.0114,+0.0000
climate_specificity,f1,22,BASE,3,0.6732,0.0087,+0.0000
climate_sentiment,macro_f1,1,DARE_TIES_D05,3,0.7829,0.0013,+0.0654
climate_sentiment,macro_f1,2,MARK+SYN+LRD,10,0.7805,0.0054,+0.0629
climate_sentiment,macro_f1,3,MARK,10,0.7738,0.0104,+0.0563
climate_sentiment,macro_f1,4,MARK+LRD,10,0.7714,0.0077,+0.0539
climate_sentiment,macro_f1,5,TIES_D05,3,0.7706,0.0085,+0.0531
climate_sentiment,macro_f1,6,SYN,3,0.7702,0.0179,+0.0526
climate_sentiment,macro_f1,7,TA_Lambda10,3,0.7696,0.0379,+0.0521
climate_sentiment,macro_f1,8,MARK+SYN,10,0.7695,0.0210,+0.0520
climate_sentiment,macro_f1,9,FWEdu+LRD,3,0.7693,0.0046,+0.0518
climate_sentiment,macro_f1,10,Merge_avg,3,0.7668,0.0169,+0.0493
climate_sentiment,macro_f1,11,FWEdu,3,0.7629,0.0060,+0.0454
climate_sentiment,macro_f1,12,TIES_D07,3,0.7559,0.0195,+0.0384
climate_sentiment,macro_f1,13,FWEdu+MARK+SYN+ZYDA,3,0.7534,0.0231,+0.0359
climate_sentiment,macro_f1,14,SYN+ZYDA,3,0.7489,0.0322,+0.0314
climate_sentiment,macro_f1,15,FWEdu+MARK+SYN,3,0.7488,0.0076,+0.0313
climate_sentiment,macro_f1,16,MARK+SYN+ZYDA,3,0.7477,0.0045,+0.0302
climate_sentiment,macro_f1,17,SYN+LRD,3,0.7476,0.0332,+0.0301
climate_sentiment,macro_f1,18,DARE_TIES_D07,3,0.7405,0.0248,+0.0230
climate_sentiment,macro_f1,19,FWEdu+MARK+SYN+LRD,3,0.7392,0.0144,+0.0217
climate_sentiment,macro_f1,20,FWEdu+MARK+SYN+ZYDA+LRD,3,0.7375,0.0098,+0.0200
climate_sentiment,macro_f1,21,BASE,3,0.7175,0.0496,+0.0000
climate_sentiment,macro_f1,22,TA_Lambda05,3,0.7101,0.0028,-0.0075
environmental_claims,f1,1,MARK+SYN+LRD,10,0.8529,0.0000,
environmental_claims,f1,2,DARE_TIES_D07,3,0.8507,0.0000,
environmental_claims,f1,3,DARE_TIES_D05,3,0.8406,0.0000,
environmental_claims,f1,4,Merge_avg,3,0.8376,0.0095,
environmental_claims,f1,5,MARK+SYN,10,0.8345,0.0000,
environmental_claims,f1,6,TA_Lambda05,3,0.8345,0.0000,
environmental_claims,f1,7,TIES_D07,3,0.8321,0.0000,
environmental_claims,f1,8,MARK+LRD,10,0.8254,0.0000,
environmental_claims,f1,9,TIES_D05,3,0.8252,0.0000,
environmental_claims,f1,10,MARK,10,0.8235,0.0000,
environmental_claims,f1,11,TA_Lambda10,3,0.8148,0.0000,
netzero_reduction,macro_f1,1,TA_Lambda10,3,0.9916,0.0010,+0.0050
netzero_reduction,macro_f1,2,FWEdu,3,0.9916,0.0010,+0.0050
netzero_reduction,macro_f1,3,TA_Lambda05,3,0.9910,0.0000,+0.0044
netzero_reduction,macro_f1,4,TIES_D07,3,0.9904,0.0021,+0.0038
netzero_reduction,macro_f1,5,SYN+LRD,3,0.9904,0.0010,+0.0038
netzero_reduction,macro_f1,6,SYN+ZYDA,3,0.9904,0.0010,+0.0038
netzero_reduction,macro_f1,7,TIES_D05,3,0.9898,0.0010,+0.0032
netzero_reduction,macro_f1,8,FWEdu+MARK+SYN,3,0.9896,0.0014,+0.0030
netzero_reduction,macro_f1,9,DARE_TIES_D07,3,0.9892,0.0018,+0.0026
netzero_reduction,macro_f1,10,FWEdu+LRD,3,0.9892,0.0000,+0.0026
netzero_reduction,macro_f1,11,Merge_avg,3,0.9892,0.0000,+0.0026
netzero_reduction,macro_f1,12,DARE_TIES_D05,3,0.9886,0.0021,+0.0020
netzero_reduction,macro_f1,13,FWEdu+MARK+SYN+ZYDA+LRD,3,0.9886,0.0021,+0.0020
netzero_reduction,macro_f1,14,MARK+SYN+ZYDA,3,0.9886,0.0010,+0.0020
netzero_reduction,macro_f1,15,MARK+SYN+LRD,10,0.9885,0.0017,+0.0019
netzero_reduction,macro_f1,16,BASE,3,0.9866,0.0079,+0.0000
netzero_reduction,macro_f1,17,FWEdu+MARK+SYN+LRD,3,0.9851,0.0042,-0.0015
netzero_reduction,macro_f1,18,MARK,10,0.9847,0.0086,-0.0019
netzero_reduction,macro_f1,19,FWEdu+MARK+SYN+ZYDA,3,0.9830,0.0092,-0.0035
netzero_reduction,macro_f1,20,MARK+SYN,10,0.9822,0.0092,-0.0044
netzero_reduction,macro_f1,21,SYN,3,0.9820,0.0057,-0.0045
netzero_reduction,macro_f1,22,MARK+LRD,10,0.9797,0.0127,-0.0068
tcfd_recommendations,macro_f1,1,Merge_avg,3,0.6410,0.0271,+0.0404
tcfd_recommendations,macro_f1,2,SYN+ZYDA,3,0.6303,0.0153,+0.0297
tcfd_recommendations,macro_f1,3,FWEdu+MARK+SYN+ZYDA+LRD,3,0.6291,0.0153,+0.0285
tcfd_recommendations,macro_f1,4,FWEdu+MARK+SYN+LRD,3,0.6235,0.0268,+0.0230
tcfd_recommendations,macro_f1,5,DARE_TIES_D07,3,0.6155,0.0126,+0.0150
tcfd_recommendations,macro_f1,6,MARK+SYN,10,0.6143,0.0054,+0.0138
tcfd_recommendations,macro_f1,7,TIES_D05,3,0.6140,0.0070,+0.0134
tcfd_recommendations,macro_f1,8,TA_Lambda10,3,0.6134,0.0079,+0.0128
tcfd_recommendations,macro_f1,9,MARK+LRD,10,0.6131,0.0056,+0.0125
tcfd_recommendations,macro_f1,10,MARK+SYN+LRD,10,0.6128,0.0102,+0.0123
tcfd_recommendations,macro_f1,11,SYN+LRD,3,0.6111,0.0030,+0.0105
tcfd_recommendations,macro_f1,12,SYN,3,0.6098,0.0081,+0.0092
tcfd_recommendations,macro_f1,13,TA_Lambda05,3,0.6034,0.0293,+0.0028
tcfd_recommendations,macro_f1,14,BASE,3,0.6006,0.0081,+0.0000
tcfd_recommendations,macro_f1,15,MARK+SYN+ZYDA,3,0.5988,0.0158,-0.0018
tcfd_recommendations,macro_f1,16,TIES_D07,3,0.5965,0.0137,-0.0041
tcfd_recommendations,macro_f1,17,FWEdu+LRD,3,0.5959,0.0205,-0.0047
tcfd_recommendations,macro_f1,18,FWEdu+MARK+SYN+ZYDA,3,0.5922,0.0087,-0.0084
tcfd_recommendations,macro_f1,19,FWEdu,3,0.5910,0.0121,-0.0095
tcfd_recommendations,macro_f1,20,MARK,10,0.5900,0.0090,-0.0106
tcfd_recommendations,macro_f1,21,FWEdu+MARK+SYN,3,0.5895,0.0129,-0.0111
tcfd_recommendations,macro_f1,22,DARE_TIES_D05,3,0.5784,0.0160,-0.0222
water_forest_biodiversity_nature,macro_f1,1,FWEdu+MARK+SYN+LRD,3,0.9732,0.0018,+0.0134
water_forest_biodiversity_nature,macro_f1,2,Merge_avg,3,0.9731,0.0009,+0.0133
water_forest_biodiversity_nature,macro_f1,3,FWEdu,3,0.9722,0.0014,+0.0124
water_forest_biodiversity_nature,macro_f1,4,DARE_TIES_D05,3,0.9712,0.0027,+0.0114
water_forest_biodiversity_nature,macro_f1,5,TA_Lambda10,3,0.9710,0.0024,+0.0112
water_forest_biodiversity_nature,macro_f1,6,FWEdu+LRD,3,0.9710,0.0020,+0.0112
water_forest_biodiversity_nature,macro_f1,7,SYN+ZYDA,3,0.9706,0.0012,+0.0108
water_forest_biodiversity_nature,macro_f1,8,MARK,10,0.9702,0.0021,+0.0104
water_forest_biodiversity_nature,macro_f1,9,DARE_TIES_D07,3,0.9696,0.0035,+0.0098
water_forest_biodiversity_nature,macro_f1,10,MARK+LRD,10,0.9694,0.0029,+0.0096
water_forest_biodiversity_nature,macro_f1,11,FWEdu+MARK+SYN+ZYDA,3,0.9676,0.0010,+0.0078
water_forest_biodiversity_nature,macro_f1,12,TIES_D07,3,0.9671,0.0157,+0.0073
water_forest_biodiversity_nature,macro_f1,13,MARK+SYN,10,0.9663,0.0050,+0.0065
water_forest_biodiversity_nature,macro_f1,14,TIES_D05,3,0.9653,0.0150,+0.0055
water_forest_biodiversity_nature,macro_f1,15,SYN+LRD,3,0.9651,0.0041,+0.0053
water_forest_biodiversity_nature,macro_f1,16,MARK+SYN+ZYDA,3,0.9650,0.0024,+0.0052
water_forest_biodiversity_nature,macro_f1,17,FWEdu+MARK+SYN,3,0.9625,0.0115,+0.0027
water_forest_biodiversity_nature,macro_f1,18,MARK+SYN+LRD,10,0.9618,0.0038,+0.0020
water_forest_biodiversity_nature,macro_f1,19,BASE,3,0.9598,0.0042,+0.0000
water_forest_biodiversity_nature,macro_f1,20,SYN,3,0.9592,0.0062,-0.0006
water_forest_biodiversity_nature,macro_f1,21,TA_Lambda05,3,0.9583,0.0063,-0.0015
water_forest_biodiversity_nature,macro_f1,22,FWEdu+MARK+SYN+ZYDA+LRD,3,0.9442,0.0143,-0.0156
wximpactbench,macro_f1,1,Merge_avg,3,0.3368,0.0648,+0.1329
wximpactbench,macro_f1,2,TIES_D05,3,0.2851,0.0210,+0.0812
wximpactbench,macro_f1,3,TA_Lambda10,3,0.2724,0.0625,+0.0685
wximpactbench,macro_f1,4,TIES_D07,3,0.2694,0.0466,+0.0655
wximpactbench,macro_f1,5,DARE_TIES_D05,3,0.2685,0.0276,+0.0646
wximpactbench,macro_f1,6,DARE_TIES_D07,3,0.2617,0.0758,+0.0579
wximpactbench,macro_f1,7,MARK,10,0.2608,0.0341,+0.0570
wximpactbench,macro_f1,8,MARK+LRD,10,0.2524,0.0340,+0.0486
wximpactbench,macro_f1,9,SYN+LRD,3,0.2498,0.0288,+0.0460
wximpactbench,macro_f1,10,TA_Lambda05,3,0.2484,0.0729,+0.0445
wximpactbench,macro_f1,11,MARK+SYN,10,0.2476,0.0356,+0.0438
wximpactbench,macro_f1,12,FWEdu+MARK+SYN+LRD,3,0.2435,0.0722,+0.0397
wximpactbench,macro_f1,13,MARK+SYN+LRD,10,0.2434,0.0515,+0.0396
wximpactbench,macro_f1,14,FWEdu+MARK+SYN+ZYDA+LRD,3,0.2399,0.0761,+0.0360
wximpactbench,macro_f1,15,FWEdu,3,0.2337,0.0625,+0.0298
wximpactbench,macro_f1,16,SYN,3,0.2240,0.0302,+0.0201
wximpactbench,macro_f1,17,SYN+ZYDA,3,0.2097,0.0663,+0.0058
wximpactbench,macro_f1,18,BASE,3,0.2039,0.0611,+0.0000
wximpactbench,macro_f1,19,FWEdu+LRD,3,0.2032,0.0543,-0.0007
wximpactbench,macro_f1,20,FWEdu+MARK+SYN+ZYDA,3,0.1970,0.0880,-0.0068
wximpactbench,macro_f1,21,MARK+SYN+ZYDA,3,0.1924,0.0638,-0.0115
wximpactbench,macro_f1,22,FWEdu+MARK+SYN,3,0.1895,0.0648,-0.0144
